app_id,app_name,developer,description,privacy_policy,score,installs,label
com.privo.creditsaison,Credit Saison India: Loan App,Kisetsu Saison Finance (India) Private Limited,"Credit Saison India - Loan App is owned by Kisetsu Saison Finance (India) Private Limited (KSF), an RBI-registered NBFC operating under the brand name of Credit Saison India. KSF is AAA-rated by CRISIL and CARE.

Why choose Credit Saison India for your business?			
			
💸 Stay on top of your business with FinSights to get financial insights on your bank statements			
🔍 Priority customers get access to Business Loans upto 15 lacs			
📄 Free Credit Reports for all customers				
✅ An NBFC with millions of customers and AAA rating	

FinSights 🔍– All your bank account transactions in one place
📊 Spend Analyser – Know where your money goes, stay in control
📅 Plan EMIs Smartly – Get timely reminders, avoid late fees
💡 Boost Business Decisions – Get simple, smart money tips

Credit Score📈 - Stay on top of your credit health
📅  Track Your Score Monthly – Stay updated, stay confident.
🔍 Know What Affects It – Get insights to improve faster.
✅ Unlock Better Offers – Higher score, better loan options.

Payments & Docs📄 – Stay in control of your loans
 💸 Pay Dues On Time – Get reminders and pay upcoming EMIs with ease.
 🧾 Foreclose When Ready – Close your loan early, directly from the app.
 📍 Track Overdues & History – Pay overdue payments and download all loan documents anytime


Business Loans 💸 - Smart Loans for Every Business Need: 

1. 📈 Business expansion
2. ⚒️ Equipment purchase for your businesses
3. 💵 Cash flow management for your business
4. 🔂 Transfer of loans
5. 💼 Inventory purchase for your business


Credit Saison India - Loan App offers the best Business Loans up to ₹15,00,000
Period for repayment: Min. 12 months | Max. 36 months
Interest rate: Min 19% pa | Max 30% pa
Processing fee - Up to 3% of the loan amount + GST
Maximum Annual Percentage Rate: 30%
*Terms & Conditions Apply

Example of how Business Loans work on Credit Saison India app

Let's say you borrow 10,00,000 for 12 months, then:

1. Loan amount (disbursed to the borrower): INR 10,00,000
2. Total interest (@ 21%) charge during the entire tenure of the loan: INR 2,10,000
3. Other up-front charges (break-up of each component to be given below): INR 26,189
3a. Processing fees (@ 2%) inclusive of GST: INR 23,600
3b. Insurance charges(if applicable): INR 2000
3c. Others (if any) - Document charges (if applicable): INR 589
4. Net disbursed amount: INR 9,73,811
5. Total amount to be paid by the borrower: INR 12,36,189

Additional Charges levied on Business loans:
Documentation charges: 499+GST
Bounce Charges: Rs. 500 for every cheque/Payment Instrument Dishonour
Instrument Swap Charges: Rs. 1000 + GST
Foreclosure Charges: Upto 5% of the outstanding principal amount +GST

We require consent to read your financial transaction SMS to evaluate your credit profile and tailor our loan offer to your needs. This permission helps keep our platform safe from potential fraud and credit abuse.

Contact Us:
More info about Credit Saison India App (formerly Privo): https://privo.in/
Our Parent Company info: https://creditsaison.in/
Privacy Policy of Credit Saison India App (formerly Privo): https://regulatory.creditsaison.in/privacy-policy-of-privo
Email us at: support@creditsaison-in.com/support@privo.in
Call our customer care number: 18001038961

Address:
Kisetsu Saison Finance (India) Private Limited,
CIN U65999KA2018FTC113783
Registered office: IndiQube Lexington Tower, First Floor, Tavarekere Main Rd, Tavarekere, S.G. Palya, Bengaluru, Karnataka 56002",https://regulatory.creditsaison.in/csi-app-privacy-policy,4.5386276,"1,000,000+",1
in.groww.dash,Groww Credit: Instant Loan App,"Groww: Demat, Invest & Trade, Gold, Silver, Loans","<b>Finance your dreams with Groww Credit</b>

Whether you need an instant personal loan or are looking for easy EMI options to finance your next big purchase, or simply want to check Credit Score for free, Groww Credit is your all-in-one credit app.

<b>What Groww Credit offers?</b>
👉 Loan against Mutual Funds
👉 Instant personal loan
👉 Free Credit Score & Report

<b>Loan against Mutual Funds (LAMF)</b>
No need to sell your mutual fund investments, when you can use them to take loans! Pledge your mutual fund holdings, create your personalised credit limit, and get loans with lower interest rates.

💸 Interest only on what you withdraw
0️⃣ No foreclosure charges
💹 Zero impact on your mutual fund returns

<b>Instant personal loan</b>
Groww Credit offers instant personal loans up to ₹12.5 lakh with flexible repayment options at competitive interest rates. Whether you're salaried or self-employed, get instant approvals and funds disbursed directly to your bank account.

💰 Loan amount of your choice: Choose your instant personal loan amount up to your pre-approved limit (max ₹10 lakh).
⏳ Flexible tenure: Loan repayment tenure ranging from 3 months to 60 months.
📜 Transparent terms: No hidden charges, only clear and upfront terms.

<b>Free Credit Score & Report</b>
Monitor your credit health with ease. Check your Credit Score for free and get a detailed Credit Report.

✅ Know your Credit Score: Get better loan terms and more financial freedom.
🔎 Stay in control: Ensure there are no errors that could be holding you back.
📈 Track your progress: Improve your credit score, and make smart financial choices.

<b>Why Choose Groww Credit?</b>
⚡ Instant personal loan access: Get pre-approved personal loans in minutes with no paperwork or hidden charges.

⏳ Flexible repayment options: Choose an EMI plan that fits your budget and lifestyle. Repayment tenures range from 3 months to 60 months, so you can pay at your own pace.

📈 Track your credit health: Regularly monitor your Credit Score to stay informed about your creditworthiness. Responsible financial habits can help you build a strong credit history and secure better financial opportunities in the future.

<b>Responsible lending</b>
Groww Credit adheres to responsible lending practices. Our policies and services comply with all applicable laws and regulations. We are committed to providing transparent and ethical financial services to our users.

Instant Personal Loan:
• Tenure: 3 to 60 months
• APR: 13-48%

Note: Personal loans are available for select users.

Registered NBFCs and Banks (lenders) on Groww Credit:
• IDFC First Bank Ltd
• Kisetsu Saison Finance (India) Pvt Ltd
• Groww Creditserv Technology Pvt Ltd
• Earlysalary Services Private Limited (""Fibe"")
• Poonawalla Fincorp Limited
• DSP Finance Private Limited

Groww Credit is the DLA for the above lenders operating the Groww Credit platform and services therein with assistance from other LSPs.

A representative example of the total cost of a loan, including principal & all applicable fees:

Tenure- 12 months
Rate of Interest - 15% per annum
Processing fee - ₹1000 (2% inclusive GST)
Total Interest - ₹4156
EMI - ₹4513
APR - 18.89%
Amount Disbursed- ₹49000
Total repayment amount - ₹54156

Privacy policy: https://groww.in/privacy-policy
Groww’s registered office: Vaishnavi Tech Park, South Tower, 3rd & 4th floor, Sarjapur Main Road, Bengaluru, Karnataka -560103",https://groww.in/privacy-policy,4.636548,"1,000,000+",1
com.moneyclub.android,Money Club: P2P group savings,Money Club Technologies,"The Money Club kya hai?
The Money Club ek safe aur secure mobile platform hai jahan aap Peer-to-Peer Online Saving/Self-Help Groups join karte ho. Yahan aap apni savings lend karke interest kama sakte ho ya for 4X amount tak borrow kar sakte ho– ghar baithe, bina paperwork ke, poora process mobile se!

Aapko verified users laane ki zaroorat nahi hain.  India ke kone-kone se aapke jaise ""verified"" logon ke saath, aap ek Money Club join karte ho jo pehle se Money Club team dwara verified hote hain.

Money Club sirf ek saving aur borrowing platform hi nahi, balki ek achi earning opportunity bhi deta hain, jahan aap bank ke Fixed Deposit ya Recurring Deposit se zyada return kama sakte ho.

Money Club aapki madad kaise karta hai?
1. Ye app aapko offline committee/Beesi ke saare benefits deta hai, plus:

2. Poora club mobile phone par manage hota hai

3. Yahan kabhi bhi paisa ek jageh jama nahi hota – funds directly ek member se doosre member ko transfer hote hain (through escrow accounts)

4. Saare transactions bank se bank ke beech, online hote hain

5. Aapki savings FD ya Mutual Funds se zyada return de sakta hai

6. Emergency mein fund lena asaan hai. 6-8 ghanton me paise aapke bank account me hote hain, bid ke baad.

7. Aap apne club members ke saath interact karke ache doston se bhi jud sakte ho

Money Club ke Highlights:
1. Money Club join karne ke liye koi document ki zarurat nahi

2. Sirf ek baar verification fee lagti hai jab aap pilot club join karte ho

3. Aap India ke sirf verified users  ke saath judte ho jo 

4. Har club mein minimum 6 aur maximum 20 members hote hain

5. Minimum contribution ₹200 per day se shuru hota hai (pilot club ke liye)

6. Starting pooled amount approx. ₹1200

7. Minimum bid hoti hai: 1% of the pool amount

8. Transactions UPI, Paytm, Google Pay, IMPS, etc. ke through online hote hain

9. App mein koi paisa deposit nahi hota – members aapas mein direct transfer karte hain 

10. Clubs ki frequency hoti hai: daily, 3-days, weekly, fortnightly aur monthly

11. App har transaction ka track rakhta hai aur SMS, email, aur app notification se updates deta hai

12. Money Club groups fully transparent hote hai, sabko pata hota hai kaun time pe pay kar raha hai aur kaun delay kar raha hai

13. Yahan flat commission nahi hai – humari commission 6% se start hoti hai aur aap apni transaction history ke basis par ise 0.3% tak kam kar sakte ho

Shuru kaise karein?
Agar aap ye padh rahe ho to aapko Money Club ke benefits saaf dikh rahe honge.

Toh bas ye simple steps follow karo:

App download karo aur Ekyc karo

Intro video dekho (ya agar concept samajh aata hai toh skip bhi kar sakte ho)

Apne details ke saath apply karo aur form submit karo

24 hours ke andar verification call aayega

Aapko Pilot (Trial) Club mein invite kiya jaayega – jahan ₹200 per day se club chalu hota hai. Agar 6 members hain, toh club 6 din chalega

Pilot club complete hone ke baad sabhi members Level 1 Verification se guzarte hain

Jo members successfully verify ho jaate hain, wo Real Club mein shift ho jaate hain

Pehla Real Club maximum 10 verified members ka hota hai, jahan ₹600 har 3 din mein contribute karna hota hai

Jaise-jaise aapki transaction history strong hoti hai, aapko higher amount aur multiple clubs ka option milta hai

Happy Money Clubbing! 🎉
📍 PS: Abhi Money Club sirf India ke liye available hai



Humein contact karein : support@themoneyclub.in",https://moneyclubber.com/privacy-policy/,4.5763574,"500,000+",1
com.pocketly,Pocketly Instant Personal Loan,Speel Finance Company Private Limited,"<b>Pocketly–Your Go-To Instant personal loan app!</b>

Need a quick loan? Say goodbye to long bank queues & endless paperwork! Welcome to Pocketly, the ultimate instant personal loan app designed to give you financial freedom exactly when you need it. Whether you are a student needing tuition fees or a salaried professional facing an end-of-month crunch, Pocketly is the secure online loan solution you have been waiting for.

With the Pocketly money app, credit is just a tap away. We offer a seamless experience that lets you get credit up to ₹50,000. Our smart technology ensures that once your KYC is approved, the loan amount is disbursed into your account within seconds!

<b>Why Choose Pocketly?</b>

We understand that financial needs can be urgent. That is why our quick loan process is designed for speed & simplicity
- Zero Physical Documentation: Complete your KYC online. No paper forms, no fuss. Everything is 100% digital
- Lightning-Fast Disbursal: Get cash in your bank account in seconds after KYC approval

<b>Key Features:</b>

- Credit up to ₹50,000: Get instant access to funds from small amounts up to ₹50,000 anytime
- Instant Disbursal: Complete your 100% online KYC in minutes on our instant personal loan app. Once verified, your quick loan is transferred immediately to your account
- Flexible Repayment Plans: Repay on your own terms! Choose a payback period of 61 days to 9 Months. Our interest rates are affordable, starting from just 2% to 3% per month

<b>Digital Gold Savings</b> 

Discover diverse investment opportunities with our 24k digital gold plan. Invest one-time or through SIPs—daily, weekly, or monthly—starting from just ₹10. Enjoy secure returns, no storage hassles, instant redemption & zero hidden charges.

<b>Who is Pocketly Money App For?</b>

- Students: Do you need extra cash for books, exams or a trip? Pocketly is the perfect student loan companion to keep your studies & lifestyle on track
- Salaried Professionals: Facing an unexpected medical bill/utility expense? Use our quick loan feature to bridge the gap until payday
- Self-employed Professionals: Need urgent funds to cover small business expenses? Our loan assist feature provides the backup you need, instantly

<b>Transparent Fees & Charges</b>

Transparency is the core of our loan assistance promise.
- Interest Rates: 2% to 3% per month
- APR: 30% to 132%
- Processing Fees: 0% - 7.5% (GST extra as applicable)
- Tenure: 61 days to 9 months

<b>Representative Loan Example</b>
Here is how our online loan calculation works:
Loan Amount: ₹5,000
Tenure: 90 Days
Interest Rate: 36% per annum
Processing Fee: As applicable (assumed small fee for calculation)
<b>Calculation:</b>
Interest = ₹5,000 x 36% x 90/365 = ₹443.8
Total Repayment Amount: ₹5,000 (Principal) + ₹443.8 (Interest) = ₹5443.8
(Note: GST & processing fees will be extra as applicable)

<b>Lending NBFC</b>

Speel Finance Company Pvt. Ltd. (CIN: U65920MH1995PTC090558). Speel Finance Company Pvt. Ltd. is a RBI registered NBFC. 
Speel Finance Company Pvt. Ltd. provides the loans as well as owns & operates the digital lending platform application Pocketly.

<b>Take Control of Your Finances Today!</b>

Get access to funds exactly when you need them. Whether you need a student loan for college expenses, loan assistance to manage monthly budgets or a quick loan for a medical emergency, we are here. 

Join thousands of satisfied users who have made Pocketly their preferred online loan partner. Experience a true instant personal loan app where money reaches you in a flash.

<b>Contact Us</b>

If you have any queries or need help with our loan application, please reach out: care@support.pocketly.in

We store & analyze the transactional SMSs present on the users device to assess his/her credit worthiness. 

Privacy & Policy: https://speelfinance.com/privacy-policy; https://pocketly.in/privacy-policy

<b>Download Pocketly now, the smart loan assist & borrowing solution for modern India!</b>",https://pocketly.in/privacy-policy,4.591644,"10,000,000+",1
com.vizzve_micro_seva,Vizzve instant loan app,Vizzve Microseva Foundation,"Important Notice: Please note that we do not lend any money through our app, The app is designed only to existing customers to get details about their existing loans, EMIs, and repayment schedules 


Vizzve microseva foundation section 8 microfinace company, is the provision of financial services to low-income clients or solidarity lending groups including consumers and the self-employed, who traditionally lack access to banking and related services. It is not just about giving micro credit to the poor rather it is an economic development tool whose objective is to assist poor to work their way out of poverty.
 
Should visit our branch to take loan app 

Rates & Charges
Minimum loan amount - Rs 5,000 /-
Maximum loan amount - Rs 1,00,000 /-
Tenure - 90 Days to 365 Days.
Processing fee - 5% to 8% of loan amount.
Rates & Charges
No pre - closure charges
No prepayment charges
ROI (Rate of interest) @ 1.5% to 2.92% Monthly
APR (Annual Percentage Rate) @ 18% to 35%.
Cheque bounce charges: Rs. 1000/-
How is APR determined?
Annual percentage rate (APR) is determined based on your credit score, the amount you wish to borrow and your steady income. Generally, a good CIBIL score calls for a low APR while a poor CIBIL score means high APR.

Working of Our Rates & Fees
APR reflects the true cost of borrowing money. It includes the annual interest rate, a nominal processing fee and other miscellaneous expenses. APR is usually lower than your credit card interest rate. APR is the actual annual cost of your loan that helps you compare various loan offers from different lenders. We have a APR @ 33.6% per annum.

Monthly Payment Example
Tenure - 12 Months
Loan Amount - Rs.1,00,000
Interest Rate - 2%
Admin Fees - Rs.1000
APR - 24%
Amount credited - Rs. 99000
EMi - Rs. 9456
Total Interest - Rs.13472

from vizzve microseva foundation app you can do:

1.	Payment reminders & notifications- You don’t have to worry about missing your payment. Just allow notifications and get payment and due date reminders.

2.	Know your loan details- Anytime access to information such as disbursed amount, tenure, outstanding amount, etc

3.	Transaction History- Keep a track of all your transactions with us

4.	Multiple payment modes- Choose the payment mode you are comfortable with

5.	View profile information and edit your profile  information


High Level Security
All your data is secured  and encrypted  We do not share or sell any of your personal information with 3rd parties.
Support
Need help? 
 Support@vizzve.com
Complaint grievance@vizzve.com 


Address : 1st Main 1st Cross, Off, Koramangala Ring Road viveknagar post, Ashwini Layout, Ejipura, Bengaluru, Karnataka 560047",https://vizzve.com/vizzve-microseva/privacy-policy,4.496016,"500,000+",1
com.innofinsolutions.instamoney,InstaMoney Personal Loan App,ROCTOGEN SERVICES PRIVATE LIMITED,"InstaMoney – India’s Trusted Personal Loan App

Looking for a reliable loan app to get a personal loan quickly? InstaMoney is a secure personal loan app that helps you apply for an instant personal loan or online loan anytime. With over 30 million users across India and ₹17,000+ crore disbursed, InstaMoney makes borrowing simple, fast, and fully digital.
Whether you need instant loans, a small loan, or an instant cash loan for emergencies, InstaMoney offers a quick and secure way to borrow online.

Why InstaMoney is a Trusted Loan App

Trusted by millions across India
Instant personal loan approval within minutes
Loan amounts from ₹5,000 to ₹1,00,000
Flexible tenure from 3 to 12 months
Interest rates between 24% – 48% p.a.
Processing fees from 0% – 6% + GST
Fully digital online loan app experience


InstaMoney helps users apply for online personal loans, small loans, and instant cash loans without paperwork or long waiting periods.
Apply for an Instant Personal Loan in Minutes
Download the InstaMoney loan app


Check eligibility for your personal loan


Upload basic documents
Get approval for your instant loan
Receive the loan amount directly in your bank account


With InstaMoney, applying for instant loans or an online personal loan is quick and hassle-free.

 Transparent Application Fees

To keep things fair, we charge a small application fee of ₹199–₹299 (non-refundable). This covers credit report checks and bank statement verification, ensuring that every loan application is processed smoothly and securely.

Key Features of the InstaMoney Loan App

Personal Loan App for all your needs
Instant Loan App with fast approvals
Online Loan App for quick digital borrowing
Instant Cash Loan for emergencies
Small Loan options for short-term expenses
Flexible EMI repayment options
Secure and paperless loan application
Eligibility for Personal Loan
Indian citizen aged 21 – 55 years
Salaried or self-employed individuals
Valid PAN, Aadhaar, and bank account


Example Loan Calculation

For a ₹10,000 instant personal loan at 24% p.a. for 5 months:
Interest = ₹1,000
 Total repayable = ₹11,000 (₹2,200/month)
 Processing Fee (6% + GST) = ₹708
 Application Fee = ₹199–₹299
Final terms depend on your credit profile.

🏦 Our RBI-Registered Lending Partners
 - Innofin Solutions Private Limited
website - https://www.innofin.in/
Aeroflex Finance Private Limited
website - https://aeroflexfinance.com/

These trusted NBFCs ensure compliant and secure personal loan disbursements through InstaMoney.

Privacy & Security

Your trust is our top priority. The InstaMoney loan app uses advanced data encryption protocols to safeguard your personal and financial information. We never share your details without consent, making us one of the most secure personal loan apps in India.


Download InstaMoney today – a trusted personal loan app and instant loan app that helps you get instant personal loans, online personal loans, and small loans directly in your bank account.


📩 Contact Us
Email: cs@instamoney.app
Twitter: @InstaMoneyApp
Website: https://www.instamoney.app

Address: GALA-2 CTS NO 141 KUBER, CHEMBERS, DATTA MANDIR RD, Malad East, Mumbai – 400097",https://www.instamoney.app/privacy-policy/,4.494322,"10,000,000+",1
com.smartfinancial.mobilebanking,Smart Financial Mobile App,Smart Financial Credit Union,"Smart Financial Mobile App simplifies your life. 
The Smart Financial Android Mobile App gives you the freedom to conveniently and safely:
   • Access your account anytime and anywhere
   • Manage your transactions and view account activities 
   • Transfer funds
   • Pay bills (enrollment required)
   • Deposit checks at your convenience
   • Locate the nearest ATM
   • Contact Member Services
   • Receive notifications
   • View statements (tablet app only)
Available tools to help make smarter decisions:
   • Budgeting
   • Savings
Enjoy new and updated features that include:
   • User-friendly interface
   • Balance Peek (enrollment required)
   • Quick login with  Fingerprint ID (enrollment required)
   • View check images
   • Mobile banking enrollment
   • Budgeting tools
   • Saving tools",https://www.smartcu.org/terms-and-conditions/technology-privacy-policy,3.9629629,"50,000+",1
com.moneymanager.personal.finance.planner,Loan Master Plan: Manage Money,Nexora Labs Digital,"Take full control of your finances with Loan Master Plan: Manage Money, your all-in-one offline tool for smarter budgeting, clear expense tracking, and meaningful savings. 

🌟 Main Features of Loan Master Plan: Manage Money

💰 Quick Expense & Income Tracker
Log your spending and earnings in just a few taps. Categorize, add notes, and keep a complete record of your transactions for easy review.

📊 Organized Budget Planning
Build monthly budgets for essentials like food, rent, and utilities. Keep track of your progress and stay within limits effortlessly.

🎯 Personal Savings Goals
Define your saving targets - whether for a trip, a car, or an emergency fund - and follow your progress with simple visual trackers.

📈 Insightful Financial Reports
Get a clear overview of your money flow with graphs and summaries. Discover spending patterns and make informed adjustments.

💡 Why You’ll Love Loan Master Plan: Manage Money

✨ Simple, distraction-free interface for better focus
🌍 Compatible with multiple currencies
📆 Built-in dashboards and daily expense calculators for more accurate financial planning

With Loan Master Plan: Manage Money, you go beyond tracking - you build financial discipline, long-term confidence, and smarter spending habits.

This Loan Master Plan: Manage Money always needs your recommendation and feedback to be immensely improved. We’d like to receive further suggestions from our beloved users with a deep sincerity. Thank you very much ❤️
Disclaimer: This app is a personal finance & calculation tool only. It does not offer loans, credit services, or financial transactions",https://loanmasterplanmanagemoney.netlify.app/privacy,3.6435645,"500,000+",1
com.app.walletinsta,Insta Wallet,Insta Wallet Technology Private Limited,"Introducing Insta Wallet – your go-to app for seamless mobile and DTH recharges with lucrative commissions!

Join as a recharge agent effortlessly and start earning commissions on every prepaid recharge or DTH transaction. Recharge for major operators like Jio, Airtel, VI (Vodafone-Idea), BSNL, and more, with lightning-fast transactions.

Supported Operators:
Mobile Recharges: JIO, Airtel, Vodafone, Idea, BSNL, and more.
DTH Providers: SUN TV, DISH TV, TATA SKY, VIDEOCON D2H, AIRTEL DIGITAL TV.

Join Insta Wallet today and start earning  effortlessly!.",https://instawallet.in/privacy-policy,5.0,"1,000+",1
cashloan.lowinterest.eligibility,SmartLoan – Check Eligibility,NenshApp,"SmartLoan – Eligibility Checker is a simple and reliable tool designed to help you check your loan eligibility instantly. With a user-friendly interface, this app gives you an easy way to understand whether you may qualify for a loan based on basic financial details.

✅ Key Features:

Quick loan eligibility check

Easy-to-use interface

Secure & private – your data stays safe

No hidden charges, free tool

Works as a guidance tool only

This app does not provide loans or guarantee approval. It is purely an eligibility checking and guidance tool to help you make better financial decisions.

📌 Disclaimer

SmartLoan – Eligibility Checker is not a lender or NBFC.

The app does not provide loans, credit, or guarantee approval.

Eligibility results are for informational purposes only.",https://docs.google.com/document/d/1vAkbYi2t2_AvfJ7Qb6bKcjxgf2EuqSLfBDmlvJz5aZ0/edit?usp=sharing,3.940594,"100,000+",1
com.enigmnex.smartcashapp,SmartCash,peter scerrati,"SmartCash is a financial and time management app tailored for professionals in the restaurant, bar, and hospitality sectors. It streamlines the tracking of tips, salaries, work hours, and personal finances, offering detailed reports, multilingual and multi-currency support, and advanced integrations to help users maintain control over their income, expenses, and productivity—all within an intuitive platform.",https://docs.google.com/document/d/1B4YhqJ1Lg01VVGAwJUqpWrljU_CS9zaP/edit?usp=sharing&ouid=117930123242382006196&rtpof=true&sd=true,,"5,000+",1
com.analytics.finance.manager.money.app,Daily Loan - Money Tracker,"SUMMIT CITY PROSTHETICS & ORTHOTICS, INC.","Daily Loan - Money Tracker is your complete money manager, budget planner and finance tracker for easier personal finance control.
This smart money tracker helps you record income expense, follow expense tracking routines and improve your daily money management effortlessly

📘 Money Tracker & Expense Recorder
Record income expense instantly and categorize transactions with a simple expense tracker system. Supports track spending, track expenses, expense budget, manager expenses, budget expense tracker, daily expense tracker - providing clearer personal finances and organized spending.

📊 Budget Planner & Finance Tracker
Set your monthly budget, define your budget target and follow your budget planning with clean graphical analysis. Includes essential tools such as budget tracker, budget money, simple budget, fast budget, efficient budget, budget management, budget track money, budget expenses to enhance daily finance management.

🏦 Loan Tracker & Loan Manager 
Record and organize all loan details with the built-in loan tracker and loan manager tools. Suitable for users tracking loan entries, loan notes, borrowers/lenders and maintaining clear track money records for multiple loan records.

⚡ Clean Interface & Easy Money Management
Designed to help you easily manage finances, track money, manage money and support stable daily finance habits with a smooth user friendly layout.

Why Choose Daily Loan - Money Tracker?
✨ Combines money manager, budget planner, expense manager, finance manager, loan tracker in one app.
✨ Helps you create budget, track expenses, handle budget expenses and strengthen your money management.
✨ Supports consistent manage finances, smarter spending habits and helps users save money effectively.

Start using Daily Loan - Money Tracker today to track expenses, manage budget planning, organize loans and upgrade your personal finances every day.
Build better financial habits and achieve smarter money management 💚",https://budgettracker431cy14.netlify.app/policy,3.970297,"500,000+",1
com.fastbanking,Kissht: Instant Personal Loans,OnEMI Technology Solutions Limited.,"Kissht is a trusted digital loan app by 60+ million Indians for Instant personal loans and flexible business loans tailored to their personal and business financial needs. Whether you are salaried or self-employed, Kissht offers both personal loans and business loans to provide immediate financial assistance

Kissht Personal Loan Offerings
● Loan Amount - ₹10,000 to ₹5,00,000
● Interest rates - Starting from 1% per month
● Tenure - 6 to 60 months
● APR Range (Min-Max): 17%–45%*

Why Choose Kissht Digital Lending App

1. Kissht Offers Personal loans for Salaried & Self-Employed Individuals. The loan ranges from ₹5,000 to ₹5,00,000, with 100% digital processing, minimal documentation, Flexible EMI repayment options, and the lowest interest rate among other NBFCs, and instant loan approval in 5 mins with same-day loan disbursal.

✔️ Personal Loan for all use cases:

👉 Personal Loan for Students/ Education Fund
👉 Personal Loan for Medical Emergency or Medical bills
👉 Personal Loan for Debt Consolidation
👉 Personal Loan for Wedding Expenses
👉 Personal Loan for Home Repairs
👉 Personal Loan for Travel

2. Kissht provides tailored business loan designed for entrepreneurs. It offers business loans from ₹5,000 to ₹5,00,000 with 100% Digital KYC, Zero Paperwork, Affordable interest rate with Flexible Tenure Ranges, and Flexible EMI repayment plan

✔️ Business Loan for all use cases:

👉 Business Loan for MSME Owners
👉 Business Loan for Startup Companies
👉 Business Loan for Small Business Owner
👉 Business Loan for E-Commerce startups
👉 Business Loan for Manufacturers

Example of Unsecured Personal Loan
Loan amount (Sanctioned): ₹ 1,25,000.
Tenure: 24 months.
Interest Rate: 33% per annum.
Processing Fee (incl. GST): ₹ 8,850.
Total Interest: ₹ 47,467.
EMI: ₹ 7,184.
APR: 41 %.
Sanctioned Loan amount is ₹ 1,25,000.
Net Disbursed amount is ₹ 1,16,150.
Total loan repayment amount is ₹ 1,72,416.
Total Cost of the Loan = Interest Amount + Processing Fees = ₹47,467 + ₹8,850 = ₹56,317.

We work with RBI-registered NBFCs. These NBFCs are as follows:
-Si Creva Capital Services Pvt Ltd
-MAS Financial Services Ltd
-Northern Arc Capital Ltd.
-Piramal Capital & Housing Finance Ltd.
-SMFG India Credit Co. Ltd.

Steps to apply for Personal Loan & Business Loan?
1. Install Kissht Personal loan app
2. Register with a mobile number
3. Complete 100% digital PAN & KYC process
4. Choose loan amount & tenure
5. Sign online loan agreements from approved NBFCs
6. Provide bank details
7. Request a money transfer to your bank account

Kissht Digital Lending App Features

✔ Instant online loan
✔ 100% Digital process
✔ Flexible EMI Repayment
✔ Low interest rate
✔ Fast loan approval

What Makes Kissht a Unique Digital Loan App?
1. Easy Loan Approval: Get instant loans online with minimal documentation in a fully 100% digital process.
2. Instant Loan Transfer: You can get funds directly disbursed to your bank account.
3. Short Term Loan Amount: 5k, 10k, 15k, 20k, 25k, 30k, 35k, 40k, 45k, 50k Personal Loan
4. Long Term Loan Amount: 1 Lakh, 2 Lakh, 3 Lakh, 4 Lakh, and 5 Lakh Personal Loan
5. Competitive Interest Rates: Enjoy a lower-interest loan with flexible EMI repayment.

Our Commitment to Customer Safety
1. Payment reminders are communicated via registered landline numbers only; we do not use personal or foreign mobile numbers.
2. Payments are collected exclusively through our app or website; we never request payments to personal accounts.
3. Our collection processes adhere to RBI and MeitY guidelines, with all calls monitored to prevent threats or abuse.
4. The Kissht app respects your privacy, does not access your Contacts List, and does not contact your friends or relatives about loan repayments.

Contact Us:
1. Write to care@kissht.com OR call our customer care number on 08044745884 / 08062816309.
2. Share with us a screenshot or recording of the message or call.Address:10th Floor, Tower 4, Equinox Park, LBS Marg, Kurla (West), Mumbai - 400070",https://kissht-payments.com/privacy-policy,4.845383,"50,000,000+",1
com.nobroker.loans,InstaCash Loan App by NoBroker,NoBroker Technologies Solutions Pvt Ltd,"🚀 NoBroker InstaCash: Instant Personal Loans at Your Fingertips 🚀
Unlock quick financial solutions with a tap on your device with NoBroker InstaCash, the leading instant loan app. Whether you're managing unexpected expenses or financing a planned project, our app provides a seamless, completely digital pathway to secure instant personal loans directly from your smartphone.
🌟 Key Features of NoBroker InstaCash:
⏱️ Quick Disbursal: Experience lightning-fast loan disbursement, with funds credited in just 45 seconds!
📱 Fully Digital Process: Apply for an instant personal loan anytime, anywhere without the hassle of paperwork.
🔄 Flexible EMIs: Customize your loan repayments with flexible EMI options that fit your financial plan.
💸 Competitive Interest Rates: Enjoy some of the lowest personal interest rates on the market.
Trusted and Secure:
NoBroker InstaCash is a trusted instant loan app in India, renowned for its transparency and security. The app is a safe space to obtain your instant loan online with no hidden fees or complications.

💼NoBroker Personal Loans: Secure your pressing financial requirements easily. Quick Approval: Swift processing, Minimal Documentation, Streamlined process for a hassle-free application. What we offer: Loan Amount: ₹5,000 to ₹10,00,000, Repayment Duration: 3 months to 5 years, Annual Percentage Rate: 12.99% - 29.99%, Processing Fees: 2% - 4% Eligibility: Salaried / Self Employed, CIBIL score > 700, Experian score > 750, 21-65 yrs. 
NoBroker has partnered with RBI-authorized & regulated NBFCs/Financial Institutions - Credit Saison India (Kisetsu Saison Finance India Private Limited)
Example- a ₹1,00,000 loan with a 24-month repayment period, an 18% annual percentage rate (APR), & a ₹1,500 processing fee + ₹270 GST would have ₹4,992 monthly EMI payments. You will receive ₹98,230, & ₹19,808 is the total interest, to be paid over the principal amount, therefore the entire amount due is ₹119,808.
For more information, Contact us: The Fore, Chikkabellandur, Bengaluru, KA-560087",https://www.nobroker.in/instacash/privacy-policy,4.896694,"100,000+",1
com.quickfund.quickfundmobile,QuickFund Mobile,RimoTechnology.,"At QuickFund, wе’rе hеrе to рrоvіdе innovative fіnаnсіаl ѕоlutіоnѕ that meet the financial needs of our customers. Whether you are lооkіng fоr a saving, loan, or lіnе оf credit product, our knоwlеdgеаblе and experienced tеаm wіll guide and advise you to the right product.
At QuickFund our goal is tо make аll lending dесіѕіоnѕ quickly by leveraging technology and to make gеttіng a loan аn еаѕу and ѕtrеѕѕ-frее рrосеѕѕ!

Our Vision and Values
Our vision is to be the preferred consumer finance partner for our customers. The key values that drive our being are excellence, integrity, service, and teamwork.

Topnotch Customer Support
Our team is always available to provide you with any support you need

Our Mission Statement
We are a customer-focused bank built on pillars of innovation and service excellence, delivering superior financial services that empower the communities we serve.

Join other customers and enjoy 24/7 access to seamless banking and credit facilities.
NO HIDDEN CHARGES!",https://www.quickfundmfb.com/policy,,"5,000+",1
com.balancehero.truebalance,True Balance - Loan App & UPI,True Balance - Balance Hero,"What is True Balance?
True Balance is a secure platform for lending, payments, and financial services dedicated to the mission of ""Finance for All."" True Balance is a Prepaid Payment Instrument issuing entity, authorised by RBI, which issues Digital Wallet and Gift Wallet, which can be further utilised for recharges, bill payments, fund transfers and payments through wallet interoperability on UPI. The Loan app also provides unsecured Personal Loans through RBI-registered NBFCs, which have been trusted by over 75 million users across the country. Here, you may avail of digital personal loans ranging from ₹1,000 to ₹2,00,000 (Disbursal Amount) for a tenure of a minimum of 6 months to a maximum of 24 months at a low processing fee. 
True Balance also facilitates digital personal loans up to ₹5,00,000 through RBI-registered NBFCs in partnership with our Fintech partners, with flexible tenures ranging from 6 months to 48 months, depending on the lender’s policy.

The APR for all loans disbursed by our NBFC partners and the NBFCs in partnership with our Fintech Partners ranges from 28.8% to 78%.

What We Offer:
*1- Quick Personal Loan: Loan App*
Loan Features:
●Loan: Apply today for a seamless borrowing experience.
●Safety: 100% safe and secure platform
●100% Digital and 24*7 access to loans
●Personal Loan Range: Borrow up to ₹5,00,000 (Disbursal Amount) in partnership through our NBFC partners and Fintech partners
●Flexible Tenure: Choose a repayment period of 6 to 48 months
●Low Processing Fees: Affordable costs
●Direct loan disbursal to your bank account

Example Online Loan Calculation:
-Loan Type: Unsecured Personal Loan
-Loan Amount INR 10,000
-Loan tenure: 6 Months
-Interest Rate 2.4% Per Month
-Processing Fee (6%): ₹600 + GST (18%): ₹708
-Interest: ₹844
-EMI: ₹1807
-Total Repayment: ₹11,550 (includes processing fee + GST)
*Interest rates may vary based on the borrower's risk profile.

*2. UPI*
Simplify money transfers with UPI-enabled True Balance Wallet (NPCI Approved).
●UPI Features
●Quickly transfers money to anyone, anytime
●Pay bills and recharge online
●24x7 access to digital payments to merchants
●Pan-India Service
●Interoperable personal loan app - Send money using your mobile number via UPI-enabled True Balance Wallet, including to those who are not on True Balance

How to Apply for a Personal Loan?
●Install the True Balance app.
●Register with your contact number to log in.
●Complete basic details to check loan eligibility.
●Submit KYC documents and apply for a quick loan.
●Receive the approved loan amount directly in your bank account.

Lending Partner Details (Loans facilitated by RBI-licensed NBFCs)
●True Credits Pvt. Ltd.
●InCred Financial Services Limited
●Grow Money Capital Pvt. Ltd.
●Vivriti Capital Limited
●Northern Arc Capital Limited
●Oxyzo Financial Services Limited

Fintech Partner Details
●Prefr (Dreamplug Technologies Private Limited)

App Permissions and Reasons
●Location: For suitable online loan offers & Video KYC.
●SMS: For phone number verification & SIM binding for PPI interoperability.
●Camera: For KYC documentation & Video KYC.
●Phone Info: To prevent fraud.
●Microphone: For video KYC.

Contact Information
Address: The Circle Work, 5th Floor, Huda City Centre Metro Station, Sector 29, Gurugram, Haryana 122001, India. Email: cs@balancehero.com

Additional Information
-A fully online and secure process with a 4.6-star rating.
-Highly secured and encrypted system for customer data.
-Privacy Policy: [True Balance Privacy Policy]
-Note: Terms and Conditions Apply!",https://www.truebalance.io/terms-and-conditions/privacy-policy,4.611758,"50,000,000+",1
com.taplend.india,Taplend: Personal Loan App,Baba Lease & Investment Private Limited,"Taplend – India's Trusted Instant Personal Loan App
Get an instant personal loan from ₹1,000 to ₹2,00,000 credited directly to your bank account. Taplend is an easy loan app built for salaried professionals, self-employed individuals, and anyone who needs quick cash in an emergency.
Apply for an urgent cash loan online and receive money directly in your bank account — same day loan, no long wait. Use it for travel, education, shopping, wedding expenses, debt consolidation, emergency home repairs, or medical bills.
━━━━━━━━━━━━━━━━━━━━━━
 KEY FEATURES
━━━━━━━━━━━━━━━━━━━━━━
✔ Personal loan from ₹1,000 to ₹2,00,000
✔ Interest rate: 0% to 36% p.a.
✔ APR range: 0% to 125%
✔ Tenure: 64 to 120 days
✔ Low processing fee
✔ No collateral, no guarantor
✔ 100% paperless digital process
✔ RBI-registered NBFC — safe and transparent
━━━━━━━━━━━━━━━━━━━━━━
 WHY CHOOSE TAPLEND?
━━━━━━━━━━━━━━━━━━━━━━
★ Instant Personal Loan Approval — Get approved the moment you complete your application. No branch visits, no long waits.
★ Emergency Loan App — Need emergency funds now? Taplend is your 24/7 emergency cash loan app. Medical bills, urgent travel, home repair — get an instant cash loan for any emergency.
★ Quick Cash Loan — Apply for a quick cash loan in minutes. Our system verifies your details and disburses money fast.
★ Instant Money Transfer — Approved loan credited directly to your bank account via UPI.
★ No Paperwork — 100% digital instant loan app. No physical documents. Just PAN, Aadhaar, and a selfie.
★ Flexi Personal Loan — Choose your own loan amount and repayment tenure. Need ₹5,000 or ₹1,50,000? You decide.
★ Secure UPI Auto-Debit — UPI Mandate for flexible repayment. Prevents late fees and repayment hassles.
━━━━━━━━━━━━━━━━━━━━━━
 LOAN EXAMPLE
━━━━━━━━━━━━━━━━━━━━━━
Loan Amount: ₹50,000 | Tenure: 120 days
Rate of Interest: 33% p.a.
Processing Fee: ₹2,500 (5%) | Doc Signing Fee: ₹25
GST on Fees: ₹455 | Total Interest: ₹5,500
EMI: ₹13,875 | APR: 50.88%
Amount Disbursed: ₹48,289 | Total Repayment: ₹55,500
━━━━━━━━━━━━━━━━━━━━━━
 ELIGIBILITY & DOCUMENTS
━━━━━━━━━━━━━━━━━━━━━━
• Indian National, age 22 and above
• Steady monthly income — salaried or self-employed
• PAN card, Aadhaar card, selfie
━━━━━━━━━━━━━━━━━━━━━━
 8 STEPS TO GET YOUR QUICK CASH LOAN
━━━━━━━━━━━━━━━━━━━━━━
1. Install the Taplend instant loan app
2. Sign up with basic details
3. Check personal loan eligibility
4. Complete KYC — PAN, Aadhaar, address proof, selfie
5. Choose loan amount and repayment tenure
6. Verify UPI and set up UPI Auto-Debit
7. Sign loan documents digitally
8. Get money transferred to your bank account instantly
━━━━━━━━━━━━━━━━━━━━━━
 WHO IS TAPLEND FOR?
━━━━━━━━━━━━━━━━━━━━━━
 Salaried employees needing a quick personal loan or salary advance
 Self-employed individuals using an online loan app for instant cash
 People in Tier 2 and Tier 3 cities needing a fast money loan app
 Anyone needing a medical emergency loan or emergency funds
 Young professionals needing a small personal loan
 Anyone needing a short-term personal loan with flexible repayment
━━━━━━━━━━━━━━━━━━━━━━
Download Taplend Today— India's best instant personal loan app — and get emergency funds,
quick cash loans, and instant personal loans approved in minutes. No delays. No
paperwork. Just fast money when you need it most.
━━━━━━━━━━━━━━━━━━━━━━
 RBI-REGISTERED NBFC
━━━━━━━━━━━━━━━━━━━━━━
Taplend is a product of Baba Lease and Investment Private Limited, an RBI-registered NBFC. All lending is done within RBI's Digital Lending Directions for a safe and transparent experience.
📧 help@taplend.in | 📱 9355871316
🏢 House No-17, Basement Floor, BLK-F-11, Model Town, Delhi-110009
🌐 https://taplend.in/",https://taplend.in/privacy-policy/,4.552025,"1,000,000+",1
com.strong.primecash,PrimeCash - Earn Rewards,Vardaan Tech,"PrimeCash: Earn Real Money & Daily Cash
PrimeCash is the simplest app to earn real money every day.
Do you want to earn extra pocket money from your phone? PrimeCash is a 100% real and trusted app where you can complete small tasks and get paid directly in your bank account.

📱 What is PrimeCash?
It is an Offer Wall app. This means we give you a list of simple offers and tasks. You complete the offer, and we give you money. No confusing points—just real cash!

💰 How to Earn Money on PrimeCash:
Complete Offers: Download new apps, register on websites, or try out trending services from our Offer Wall.

Daily Bonus: Just open the app every day and click ""Check-in"" to get free money.

Refer your Friends: Share the app with your friends and family. When they join, you get a big bonus!

Watch & Earn: Spend a few minutes watching videos and earn rewards instantly.

🚀 Why PrimeCash is the Best:
Simple Tasks: You don’t need any special skills. Anyone with a phone can do it.

Fast Payouts: No long waiting! Send your earnings instantly to your Bank Account or UPI.

100% Safe: Your data is safe with us. We are a trusted app used by thousands.

Work from Anywhere: Earn money while sitting at home, traveling, or in your free time.

✅ Simple 3-Step Process:
Download the PrimeCash app and sign up.

Pick a Task from the Offer Wall and complete it.

Withdraw Cash to your bank account as soon as you finish!",https://www.primecash.app/privacy,3.1818182,"1,000+",1
com.esay.fund,Easy Fund,Sky Success,Project progress management software,http://crm.tnaglobe.com/index/privacy.html,,"5,000+",1
com.solution.rupenetpaymentbox,"PayRupe - AEPS,DMT,UPI etc",Rupenet Payments,"PayRupe is a smart and secure digital banking platform that brings essential financial and payment services right to your neighbourhood. With PayRupe, you can access multiple services like AEPS, Money Transfer, UPI Payments, Mobile Recharge, Bill Payments, and Micro ATM — all in one easy-to-use app through verified PayRupe Partners and Agents across India.

Enjoy seamless cash withdrawals, deposits, and balance checks using your Aadhaar number and biometric authentication through AEPS (Aadhaar Enabled Payment Service). Transfer money instantly to any bank account or UPI ID across India with Domestic Money Transfer (DMT).

Make quick and secure payments via UPI — scan any QR code or receive funds instantly. Stay connected by recharging your mobile or paying electricity, gas, water, DTH, and postpaid bills effortlessly from one platform. With Micro ATM services, withdraw cash securely using your debit card at nearby PayRupe outlets.

Why Choose PayRupe:

✅ Convenient access to financial services near you
🔒 Secure, PIN and biometric-based transactions
⚡ Instant processing with real-time receipts
🧾 Verified and trusted Partners & Agents
💼 One-stop platform for all essential banking needs

Getting started is simple!

⿡ Visit your nearest PayRupe Partner or Agent
⿢ Complete a quick, secure onboarding process
⿣ Log in and start using AEPS, DMT, UPI, and Bill Payment services immediately

Please note: Self-registration is not allowed. Only authorized PayRupe Partners can onboard new users after proper verification.

PayRupe – Bringing Banking Closer to You

💙 Simple • Secure • Trusted • Local
📞 Want to become a Partner or Agent?
👉 Contact us at +91 8043570276",https://www.rupenet.com/privacypolicy.html,4.14,"10,000+",1
com.tapp.swiftb.rupeego,SwiftRupee,AUSM INFOTECH PRIVATE LIMITED,"Master your finances with Swift Rupee, the smart and secure bookkeeping assistant designed for India. Whether it's your daily chai, monthly rent, or yearly bonus, Swift Rupee helps you track every paisa with ease.
🌟 Key Features:
1. Smart Home Dashboard
Overview: View your current month's balance, total income, and total expenses at a glance.
Quick Add: Record transactions in seconds. Choose between ""Expense"" or ""Income"" and select from preset categories (Food, Transport, Shopping, Salary, Investment, etc.) or create your own.
Details: Add dates, specific times, remarks, and location tags to never forget where you spent your money.
2. Comprehensive Records
History: Browse your financial history by This Month, Last 3 Months, This Year, or All Time.
Filters: Filter records by specific categories to see exactly where your money is going.
3. Visual Analytics
Pie Charts: See your spending distribution clearly.
Trend Lines: Analyze your spending habits over time.
Balance Candles: Visualize your net worth fluctuations with professional candle charts.
4. Advanced & Secure
SMS Automation: Swift Rupee automatically identifies financial SMS from banks and wallets to create records for you, saving you time.
Secure Login: Choose between standard OTP or Voice OTP for enhanced account security.
Privacy First: Your financial SMS content and call logs are processed locally on your device and are NEVER uploaded to our servers.
🔒 Permissions Notice:
To provide automated tracking and secure login, we require SMS and Call Log permissions. We prioritize your privacy and strictly follow data protection protocols.
Download Swift Rupee today and take control of your financial future!",https://www.swiftrupee.click/privacy,4.805825,"10,000+",1
com.devaashishcapitals.rot,Rupeeontime – Instant Loan,DACPL,"Rupeeontime is a reliable and RBI-compliant personal loan app operated by DEV-AASHISH CAPITAL PRIVATE LIMITED, an RBI-registered Non-Banking Financial Company (NBFC), holding RBI Certificate of Registration No. B-14.01763.
We help eligible salaried individuals in India get personal loans through a fully digital and transparent process.

🏦 Our Mission

To offer responsible credit access during genuine financial needs — such as medical emergencies, home repairs, or utility payments — through a safe, fair, and fully regulated lending platform.

💡 Key Features

Unsecured Personal Loans: No collateral required. Loan approval depends on your credit profile and documentation.

Secure Digital Process: Apply, verify, and receive funds directly in your bank account — completely online.

Transparent Fees: No hidden charges. All costs are disclosed before loan approval.

Flexible Tenure: Repayment period from 61 days to 365 days based on eligibility.

RBI-Registered NBFC: Loans are issued by DEV-AASHISH CAPITAL PRIVATE LIMITED and partner NBFCs listed on our website.

📝 How It Works

Apply Online: Fill out your loan application through our secure app.
Upload Documents: PAN, address proof and bank statements.
Verification: Our team verifies your information through secure systems.
Loan Approval & Disbursal: Once approved, the loan is credited directly to your bank account.

👤 Eligibility

Indian Resident
Salaried Employee or Self-Employed
Age 25 years and above

📄 Required Documents

PAN Card
Identity and Address Proof
Bank Statement (Last 3 Months)
Passport-size Photo

💰 Loan Details

Loan Amount: ₹5,000 – ₹5,00,000
Tenure: 61 – 365 days
APR (Annual Percentage Rate): Up to 35% p.a. (Fixed)
Maximum APR 35%
Processing Fee: Up to 2% of loan amount + GST (18%)
No Prepayment Penalty

📊 Representative Example

Loan Amount: ₹50,000
Tenure: 365 days
APR: 35% p.a.
Processing Fee: ₹1,000 + GST ₹180
Amount Disbursed: ₹48,820
EMI: ₹4,998
Total Repayment: ₹59,978
Total Interest: ₹9,978

Note: Rupeeontime does not offer loans that require full repayment in 60 days or less, in accordance with Google Play’s Financial Services policy and RBI guidelines.

🏛 About Us

DEV-AASHISH CAPITAL PRIVATE LIMITED is an RBI-registered NBFC providing personal loans through the Rupeeontime App.
All loans are issued in full compliance with the Reserve Bank of India’s digital lending framework.

Our registered office:
First Floor, Plot No 498, Udyog Vihar Phase 3, Gurugram, Haryana 122016.
Our NBFC : https://www.devaashish.com/privacy-policy

🤝 Customer Support
🌐 Website: https://rupeeontime.com
📞 Customer Care: +91-9220912304
📧 Email: care@rupeeontime.com",https://rupeeontime.com/privacy-policy,4.6757426,"1,000,000+",1
com.lendingplate,lendingplate-Personal Loan App,UNIFINZ CAPITAL INDIA LIMITED,"lendingplate is a personal loan app that offers instant loans ranging from ₹10,000 to ₹2,50,000 at attractive interest rates, zero collateral and almost instantly at your convenience. You can apply online from any of our approved locations and on approval, you get direct transfer of your loan money within minutes to your bank account. lendingplate is the brand name of Unifinz Capital India Limited which is a Non-Banking Finance Company (NBFC) registered with the Reserve Bank of India (RBI). The company conducts lending operations in a transparent manner under the exact guidelines of the RBI.

Features of lendingplate’s Personal loan app
⁍ Instant personal loan rages from ₹10,000 to ₹2,50,000
⁍ Repayment tenure ranges from 3 months to 15 months
⁍ Processing fees range from 1% to 5% of loan amount
⁍ Conversion fees range from 1% to 5% of loan amount
⁍ The rate of Interest applicable from 12% onwards depending on the risk profile
⁍ APR ranges upto 36% that varies from customer to customer
⁍ No collateral or security needed
⁍ Free-look period of 3 days for you to return your loan free if you did not enjoy the experience

Benefits of lendingplate’s Personal Loan App
⁍ Complete online application process from our 24*7 online platform
⁍ Nil documents required to apply, get verified digitally real-time
⁍ Repay your loan from anywhere, anytime, without any pre-payment charges
⁍ Apply from anywhere, anytime, instantly. Enjoy the freedom from boundaries.
⁍ Get loan in your times of need - instant funds within 30 minutes
⁍ Budget-friendly EMI based on your affordability
⁍ Loans available to improve your credit score

Eligibility for lendingplate’s Personal Loan App
⁍ You should be an Indian citizen
⁍ Your age must be above 21 years
⁍ Your net salary shall be a minimum of ₹20,000 or above
⁍ Your bank account shall reflect a regular monthly salary credit

How to Apply for an Instant Personal loan on lendingplate App?
⁍ Install lendingplate app on your mobile phone
⁍ Sign up with an OTP and submit a selfie
⁍ Verify your PAN to check for pre-approved offers
⁍ Register yourself by filling up your basic information
⁍ Provide income documents like Bank Statement and Pay-slip
⁍ Verify your KYC with Aadhar and present Address Proof
⁍ E-Sign loan agreement with NACH repayment
⁍ Direct your loan money to your bank account

Representative Example
⁍ Loan Amount: ₹25,000
⁍ Annual Rate of Interest (ROI): 24%
⁍ Tenure: 12 months
⁍ Processing Fee {excl. GST}: ₹500
⁍ Conversion Fee {excl. GST}: ₹500
⁍ Total Fees: ₹1,000 (A)
⁍ Equated Monthly Instalment (EMI): ₹2,364
⁍ Total Repayment Amount: ₹28,368
⁍ Total Interest: ₹3,368 (B)
⁍ Total Cost of Loan (A+B): ₹4,368
⁍ Annual Percentage Rate (APR): 32.05%

Why lendingplate’s Instant Personal Loan App is Right for You?
lendingplate stands out among other loan apps as it provides secure and instant personal loan for various purpose like medical emergency, weddings, home renovation and dream vacation etc. You don’t even have to provide any collateral to get a personal loan. You just have to submit an online application along with some documents, and the loan will be
credited to your bank account within few minutes.

Security and Privacy Policy
lendingplate personal loan app ensures safety via standard security and privacy protocols to protect its database. Our app is safe and secure, and we do not share customer information with third parties without consent.

Queries?
⁍ care@lendingplate.com
⁍ +91-7373737316

Let’s Connect!
⁍ https://www.facebook.com/lendingplate
⁍ https://twitter.com/lendingplate
⁍ https://www.instagram.com/lendingplate
⁍ https://www.youtube.com/@lendingplate
⁍ https://www.linkedin.com/company/lendingplate/

Download lendingplate instant personal loan app now!",https://lendingplate.com/policies#policies,4.425905,"10,000,000+",1
com.nextfin,NextFin: Instant loan,Amar Amba Finance Hire Purchase Pvt Ltd,"NextFin is the brand name of Amar Amba Finance Hire Purchase Pvt Ltd (an RBI registered NBFC, established in 1997) where we provide unsecured personal loans upto Rs 50,000 and secured loans upto Rs 5 crores via our app. 

Why NextFin?
1. An RBI registered NBFC established in 1997
2. Annual Percentage Rate (APR): Up to 36% p.a.
3. Secured & Unsecured Loans
4. Complete digital process for loan application 
5. Get money directly in your bank account

How to apply for an easy loan with NextFin?
1. Download NextFin app & Login
2. Fill in your basic profile details
3. Provide employment history, home & office address details
4. Select the type of loan, amount & tenure
5. Upload the required documents 
6. Approval will be communicated instantly
7. Loan agreement is signed (digitally or physically)
8. Loan is disbursed within 24 hours

Loan Products: 
* Mini Loans: Personal Loans up to Rs 50k (Pan India)
* Jumbo Loans: Personal Loans up to Rs 1 Lakh (Tier 1 Cities only)
* Secured Loans (Currently only servicing in Delhi NCR region):  Loan against Property (Up to 70% financing), Mortgage Loans, Gold Loans (Up to 60% financing), Bike (Up to 70% financing) & Car Loans (Up to 80% financing)

1. Unsecured Personal Loan - A flexible loan option for salaried professionals. All you need is your PAN Card, Salary Proof & Address Proof to avail ₹5,000 to ₹50,000 for a tenure ranging from 62 days to 12 months.

Fees, Charges & Tenure
⭐ Amount: ₹5,000 to ₹50,000
⭐ Processing Fees: 6% + 18% GST
⭐ Tenure: 62 days - 6 months
⭐ APR: 12% - 36% (depending on risk profile)
⭐ Sample: A Salary Advance loan of ₹30,000 for a tenure of 90 days at an interest of 0.1% per day (36% APR) will result in total cost being ₹33,942 (including processing fees ₹2124 principal amount of ₹30000 and interest amount of ₹1818) for a monthly instalment of ₹10606 for 3 months.
⭐ Penalty charges of 0.6% per day & Bounce Charges of ₹750 on non-repayment of EMIs. Loans can be foreclosed after 3 months.

2. Secured Personal Loan -  A personal loan option where you can avail amounts of upto ₹5 crores against collateral. We provide Gold Loans, Loan against Property, Mortgage Loan, New Car Loans, Used Car Loans and Bike Loans.

Fees, Charges & Tenure
⭐ Amount: ₹50,000 to ₹5,00,00,000
⭐ Processing Fees: 5% + 18% GST
⭐ Loan Tenure period: 3 months - 10 years
⭐ APR: Starts at 12% depending on risk profile and collateral provided
⭐ Sample: A Secured Loan of ₹1,00,000 for a tenure of 12 months at an interest of 18% APR will result in total cost being ₹1,15,916 (including processing fees ₹5900, principal amount of ₹1,00,000 and interest amount of ₹10,016) and a monthly installment of ₹9168 for 12 months.
⭐ Penalty charges as applicable & Bounce Charges of ₹1000 on non-repayment of EMIs and Zero prepayment charges for loans. 

Privacy Policy
Please read our privacy policy mentioned here to know how we handle your data https://www.nextfin.in/privacy-policy/

Our Lending Partners
We only provide loans through our NBFC - Amar Amba Finance Hire Purchase Private Limited

RBI Certificate
https://www.nextfin.in/rbi-registration-certificate/

Contact Us:
Mail us on support@nextfin.in
Call us on +918447804814
(Mon-Sat 10:00 AM - 6:00 PM)
Address: Plot no 1536 B, Saraswati Kunj, Near South Point Mall, Sector 53, Gurugram, 122002",https://www.nextfin.in/privacy-policy,4.7663865,"1,000,000+",1
com.fintech.lenditt,Lenditt: Personal Loan App,Lenditt Innovations & Technologies Private Limited,"Lenditt- Instant Personal Loan App for Salaried & Self-Employed Individuals. 

Lenditt is India’s best online Personal Loan provider, trusted by 2+ million salaried professionals all across India. You can avail an instant personal loan of up to ₹3 lakhs. Whether you need funds for your personal use, to overcome an emergency, to get a new bike, to renovate your house, or to finance your dream vacation, Lenditt loan App ensures quick, hassle-free access to funds directly in your bank. 

Besides instant personal loans, we allow you to conveniently: 
- Digi Gold & Silver 
- Home Loan Services	
- Spend Analytics
- OPD & Wellness Insurance

Our Lending Partners
Lenditt proudly collaborates with esteemed RBI-approved NBFCs. 
Chinmay Finlease Limited- NBFC Registration Number- B.01.00558
Madhur Instalments Private Limited- NBFC Registration Number B-12.00396 

Our Features
Loan Amount: Rs. 10,000 to Rs. 3 Lakhs
Quick Turn-around time: within 15 minutes
Repayment Tenure: 3 to 12 months
Flexible Repayment options
100% Paperless loan application
No guarantors or collateral
No upfront Fees

Loan Eligibility 
Age- 21 to 55 years 
Must be an Indian Citizen
Minimum take home income of 20,000/ month
Bank Account where monthly salary is deposited 
Valid Government Proofs- Aadhaar & PAN Card 
Credit Score- 680+ 
Loan Associated Charges
Interest Rate: 28% to 36.5%
Processing & other Applicable charges: From 5 % to 6.5% of the loan amount (this may vary based on your profile)
Documentation charges: 1%
Online Convenience charges ₹200 
Bounce charges ₹500 + GST as applicable
Minimum APR- 26% Maximum APR- 60%

Note: GST charges will be added to the Processing charges, Documentation charges, and Online Convenience charges.

Illustrative calculation of APR Disclosure
Loan amount(Principal)= ₹30,000 
Loan Duration= 180 Days
Interest Rate= 28% p.a. 
Total interest on the personal loan= ₹4,104
Processing charges (5% of the loan amount) + Documentation charges (1% of the loan amount) + Online convenience (₹200)= ₹2,000
Total Deductions (Processing charges + Documentation charges + Online convenience + GST) = ₹2,360
Net Disbursed Amount= Loan Amount - Total Deductions= ₹27,640
Total Repayable Amount (Loan Amount + Interest) = ₹34,104

PF+DC+GST is deducted upfront during the loan disbursal.

Note: This is an indicative calculation, interest and other charges vary based on your profile. 

Step to avail a Personal Loan from Lenditt
Download the Lenditt App
Sign up using your active mobile number
Provide your PAN Card or Aadhar Card number & check your eligibility
Upload your KYC document, including your ID, address proof and PAN card
Choose among the loan amounts offered to you 
Provide your bank account details
Get money in your bank account

Why Choose Lenditt for Instant Personal Loan?
✔️ Trusted and Reliable: Lenditt is a premier choice for personal loans. 
✔️ Lightning-fast Approval: We process your application in just 15 minutes.
✔️ 100% Paperless Process: We say NO to Paperwork. 
✔️ Lowest Interest Rates: We offer the most competitive interest rates in the market.
✔️ Flexible, secure, & tailored: Loan option tailored for you, with top-tier security to keep your data safe.

Invest in Digital Gold & Silver Online
Lenditt is the most trusted platform to invest in Digital Gold & Silver. There is NO minimum purchasing limit. You can invest in Digital Gold or Silver for as low as ₹1/- 

Home Loan
Owning and Securing the right home loan can make the journey smoother when bought from Lenditt.

Track your Spending with ease! 
Easily track and analyze your expenses with our Spend Analysis feature, giving you clear insights to manage your finances better.

Insurance
We ensure your family’s financial security with the right OPD & Wellness Insurance coverage. 

Contact
Email: support@lenditt.com
Call: +91 7862839654
Address: Times Corporate Park, Thaltej, Ahmedabad- 380059

T&C Applied!",https://www.lenditt.com/privacy-policy,4.113805,"1,000,000+",1
com.SwiftFunds,SwiftFunds : Payment App,SPENDLE SYSTEM PVT LTD,"SwiftFunds is your go-to app for fast, secure, and hassle-free payments. Whether you’re paying bills, transferring money, or managing your finances, SwiftFunds offers a seamless experience with top-notch security features.

Key Features:

Quick Payments: Make payments in seconds with our user-friendly interface.
Secure Transactions: Your data is protected with advanced encryption.
Bill Management: Easily pay and track your bills in one place.
Money Transfers: Send money to friends and family instantly.
Transaction History: Keep track of all your transactions with detailed records.
Why Choose SwiftFunds?

User-Friendly: Simple and intuitive design for a smooth experience.

24/7 Support: Our support team is always here to help you.


Contact Us

📞 Mobile Number   :  9828387666
🌐 Website                :  https://swiftfunds.co.in/
📧 Email                    :  naruka_shakti@yahoo.com

Download SwiftFunds today and take control of your finances with ease and security!",https://swiftfunds.co.in/policy,4.857143,100+,1
com.kksv.salarynowapp,Salary Now - Instant Loans,Double Klick Designs Pvt. Ltd.,"Salary Now is a trustworthy Fintech company that offers you loans when you need them the most. We process all our loans through our partners-Zed Leafin Pvt Ltd or Maxemo Capital Services Pvt Ltd both RBI registered NBFCs.

Life’s emergencies come unannounced and can put you in a tight financial situation. It is in such situations that you wish for a financial organization that can lend you loan through a fast track process. We are here to be that helping hand that you can rely on during your crisis. An accident, a medical emergency or repair - no matter what has drained your cash reserves, our loans are here to give you a relief.

Our team of experts verify your documents online and process your loan within hours to avail the loan amount when you need it the most. With our easy payback methods and no hidden charges, you can rely on us as you would do on a friend.

Eligibility Criteria
✔ Indian citizen
✔Salaried Individuals
✔Above the age of 18
✔Minimum take-home salary per month ₹21K
Tenure: 70 days to 12 months. Interest rates range from 36%-182% per annum depending on the product availed.

*Rate varies on customer risk profile & repayment period.
- We offer loans ranging from ₹ 3,000 to ₹ 10,00,000
- Processing Fees range from ₹ 150- 5000.
(Processing fees depends upon disbursed Loan amount.)

Our Pricing policy may vary from time to time, hence Rate of Interest Processing charges may vary.

Sample loan calculation -
Loan amount: ₹ 50,000 at interest rate of 0.4% per day flat 146% per annum flat.
Loan Duration : 180 Days
Total Interest = ₹36000
Processing fees (PF) = ₹5000
*Processing Fees varies according to loan amount is Exclusive of GST
Total Deductibles (PF): ₹5900
In Hand Amount: Loan Amount: Total Deductibles = ₹ 50000 -₹5900=₹44100
Total repayable Amount: ₹86000
Payable in 6 EMI’s: ₹14333

We are not directly engaged in money lending activities and are only providing a platform to facilitate money lending by registered Non-Banking Financial Companies (NBFCs) or banks to users.

How We Work ?
1. Download the Salary Now App,
2. Upload basic documents
- Bank Statement
- Salary Slip
- ID proof
- Residence proof
3. Once Loan is approved, please review the sanction letter and sign the agreement
4. Get Money Credited in Your Account
Your Privacy is Our Top Most Priority:
We follow strict guidelines, based on privacy policy. The data is encrypted & stored securely for the purpose of loan sanction and determining creditworthiness.

Salary Now – Your Friends
Whether you need same day loan, quick loan, long term loans or short term loans. We are the right choice for you. With our easy payback methods and no hidden charges, you can rely on us as you would do on a friend.

For suggestions and concerns, reach out to us at hello@salarynow.in
Address: Z-29, 4th Floor, Okhla Phase 2, New Delhi - 110020

*Salary Now is a Product of KKSV Business Services Pvt Ltd",https://salarynow.in/PrivacyPolicy.php,4.4755244,"100,000+",1
com.sequelstringai.rapidcash,RapidCash,AceTech LLP,"Welcome to RapidCash — India's Instant Cashback App, supported by Mumbai Metro.
Earn real cashback every time you shop online through RapidCash. Open any store through the app, shop as you normally would, and watch instant cashback land in your wallet automatically. No waiting. No complicated steps. Just free money on purchases you were already making.
★ Instant Cashback — Every Single Order
Shop through RapidCash and earn instant cashback on every eligible purchase. Cashback hits your wallet the moment your order is placed — not after 30 days, not after 90 days. Instantly.
★ Top Brands, Real Savings
Access Amazon, Flipkart, Myntra, Ajio, Tata Cliq, Shopsy and more — all in one place. Exclusive cashback offers updated regularly.
★ Zero Extra Effort
No coupon hunting. No form filling on most brands. Simply open your preferred store through RapidCash, shop normally, and earn cashback on eligible purchases. It takes the same time as shopping directly — except you get money back.
★ Instant Wallet. Real Withdrawals.
Your cashback is credited instantly to your RapidCash wallet. Withdraw directly to your UPI, bank account or use for your next purchase.
★ Trusted by Mumbai Metro Commuters
RapidCash is supported by Mumbai Metro — trusted by lakhs of daily commuters across Mumbai. Book your metro ticket and earn cashback on your online shopping, all in one app.
★ Always Getting Better
New brands, new deals and higher cashback offers added regularly. The more you shop, the more you earn.
Start shopping smarter. Download RapidCash today and turn every online order into instant savings.",https://getrapidcash.in/privacy-policy,3.9142857,"10,000+",1
com.earlysalary.android,Personal Loan App by Fibe,Social Worth Technologies Limited,"The Fibe instant personal loan app is your one-stop solution for all your finance needs. It has served more than 3.3 million+ Indians so far. Get a wide range of products such as instant personal loans, credit cards, fixed deposits, loans against mutual funds, credit score analyser & Purpose Driven Financing. 

Download Fibe to get instant financial upgrades at your fingertips. 

Benefits of a Fibe Instant Personal Loan:
-Get up to ₹10 lakhs 
-Instant disbursal - direct to your bank in 2 minutes 
-Flexible repayment from 6 to 36 months 
-No foreclosure charges - close your loan anytime, at zero extra cost 
-100% digital process with zero paperwork 
-Affordable EMIs for every need

Flexible Tenures for Easier Monthly Payments:

Here’s how your monthly payout reduces when you choose a longer repayment period:

₹1,00,000 for 6 months → Approx. ₹17,500/month 
₹1,00,000 for 12 months → Approx. ₹9,300/month 
With a longer tenure, your EMI becomes much lower - making repayment easier & more
affordable every month. 

Personal Loan Fees & Charges:

-Interest: Starting from 16.75% 
-Processing fee: 3 – 3.5% of loan amount 
-Foreclosure charges: Free! 
-Late payment: ₹500 or 3% (whichever is higher) 
-Bounced payment: ₹500/bounce 
-APR: 16.75% – 45% 
-Stamp duty: 0.1% of loan amount 
-Mandate rejection: ₹250 + GST

Example of How Personal Loans from Fibe Work:

-Amount borrowed: ₹5,00,000 for 3 years
-Processing fee (3% + GST + stamp duty): ₹18,200 
-Interest rate: 20% p.a. (reducing balance) 
-EMI: ₹18,582 
-Total payable: ₹6,68,952 
-Total interest: ₹1,68,944 
-Total cost of loan: ₹1,87,144

Purpose Driven Financing:

Our financing solutions make  life’s most important needs affordable & within reach. Fibe is the go-to financing partner across 10,300+ touchpoints.
 
Healthcare Financing:

-Cover medical procedures & emergencies up to ₹10 lakhs 
-Low EMIs with flexible tenures 
-Accepted at top partner hospitals & clinics across India.
 
Education & Upskilling Financing:

-Finance coaching, courses, certifications & upskilling 
-Affordable repayment plans 
-Available at leading institutes across India.

Benefits of a Fixed Deposit on Fibe:
-Invest from ₹1,000 to ₹5 lakhs 
-100% digital FD booking 
-Easy withdrawals 
-Deposits up to ₹5 lakhs insured by DICGC 
-Invest in RBI-approved banks & NBFCs
 
Benefits of a Loan Against Mutual Funds:
-Credit limit up to ₹10 lakhs 
-Interest-only EMIs starting at 11% 
-Works across 8,000+ approved mutual fund schemes 
-Access instant funds while your investments continue to grow

Other Features of the Fibe App:
-Access all your financial transactions in one place 
-Shop for gift vouchers & explore offers from leading brands 
-Check & monitor your credit score for free 
-Exclusive referral programs that help you earn up to ₹1,000 every month

At Fibe, we believe in transparency. All fees & charges are clearly communicated to our customers through the agreement shared on their registered email IDs. You can also access your transaction details with Fibe 24/7 through our app.

About Fibe:

The Fibe app is owned by Social Worth Technologies Ltd & facilitates lending services primarily through our RBI-registered NBFC arm, EarlySalary Services Pvt Ltd & other partner NBFCs. It is ISO/IEC 27001 certified, its app is PCI DSS compliant, and it ensures better data security. 

Download Fibe today!

Our Partner NBFCs:
EarlySalary Services Pvt Ltd 
HDB Financial Services 
TATA CAPITAL Ltd 
Northern Arc Capital Ltd 
InCred Financial Services 
Kisetsu Saison Finance (India) Pvt Ltd 
Piramal Finance Ltd. (Formerly Piramal Capital & Housing Finance Ltd.) 
Oxyzo Financial Services Ltd.

Contact Details:
Telephone: 020-67639797 
Email: care@fibe.in 
Address 
Social Worth Technologies Ltd, 
404, The Chambers 
Viman Nagar 
Pune – 411014",https://fibe.in/privacy-policy,4.528598,"10,000,000+",0
com.smfgindia.mconnect,SMFG India Credit mConnect,SMFG India Credit Company Limited,"SMFG India mConnect is the official app for customers having a relationship with SMFG India Credit or SMFG Grihashakti. It is user friendly, convenient and secure mobile application. A host of features allow you to access your loan account and service your requests, anywhere, anytime.
 
With the mConnect app you can:
               
- Locate branch

- View your loan details

- Change email address and mobile number

- Raise service requests for Statement of Account, Repayment Schedules etc.

- View status of past requests

- Access your documents

- Make online payments

- View and avail offers

- Sync Gmail and Facebook accounts with loan accounts

- View or request for No Dues Letter

And more...

If you are not an existing customer of SMFG India and wish to apply for a loan, please visit our website www.smfgindiacredit.com

Personal Loan Interest Rates: Starting @ 8.00%* per annum up to 24%
★Loan Amount: ₹10,000 to ₹30 Lakhs
★Processing Fee: 0% to 6% of Loan Amount
★Loan Tenure: 6 to 36 Months
★Documents Required: ✓KYC Documents (PAN Card & Valid Address Proof) ✓Employment Proof ✓Salary Slips of Last 3 Months ✓Bank Statements of Last 6 Months


Example:
For a loan amount of ₹ 1 Lakh borrowed at an interest of 10 % for a period of 36 months, monthly EMI= ₹ 3,227/- & overall interest payable is ₹ 16,162/- , processing fees is 4000/-

Loan Amount - 1,00,000/-
Interest - 10 %
Tenure - 36 Months
Monthly EMI - 3,227/-
Interest Payable - 16,162/- 
Processing Fees - 4000/-
Total Cost of Loan (Principal + Interest + Processing Fees) - 1,20,162/-",https://www.smfgindiacredit.com/policies/privacy-policy.aspx,2.4818182,"100,000+",0
com.axis.mobile,"Axis Mobile: Pay, Invest & UPI",Axis Bank Ltd.,"Open by Axis Bank is a safe, secure and user friendly mobile banking application with 250+ cutting edge features and services satisfying more than just your regular banking queries.

<b>Online Digital Savings Account</b>

Now open a savings account online at your convenience! The latest version of open by Axis Bank allows you to get your digital savings account up and running from anywhere, with services such as video based KYC that can be set up at your convenience. You will also be instantly issued a Virtual Debit Card linked to your Digital Savings Account!
What’s more, you can enjoy various offers on your Digital Savings Account with Grab Deals, Axis Bank’s shopping portal.

<b>Banking Transactions Simplified</b>

Banking needs are often subjective to individuals, some prefer to get a comprehensive update of all their financial activities while others simply wish to check their savings account balance; so why shouldn’t your app be the same? Get a customisable dashboard on open by Axis Bank with the explore tab that grants you a one-stop access to your account balances as well as regularly used features like mutual fund investments, dues and more!
Apart from an interactive dashboard you also set-up a 6 digit MPIN when using open by Axis Bank. This is a cross platform security code that can help you validate fund transfers from your savings account and transactions on your App, as well as log in to internet banking and authenticate Debit/Credit Card payments. The Bhim Unified Payment Interface (UPI) is also enabled on Axis Bank, letting you make UPI payments, Add Payees, Scan & Pay instantly as well as Make Your Own UPI QR Code. UPI ID is a unique ID that is used to make UPI payments in place of bank account details. UPI PIN is a 4- or 6-digit number which needs to be set by you while creating your UPI ID. Please don’t share your UPI PIN. Additionally, you can also find a record of transactions made for your ready reference via:

• UPI Transaction history
• Savings Account summary
• Card Statements
• Utility Bill Payments made to over 200 registered billers

<b>Avail Services at One Touch</b>

Whether it’s a Mutual Fund you seek to start or open FDs & RDs, open by Axis Bank lets you do that and more! Experience a newly re-vamped Mutual Fund journey along with instant opening of Digital Savings Accounts, access to Insurance services & Credit Card application.
Alternatively, if you’re seeking to avail funds instead of investing them, get instantly sanctioned pre-approved 24x7 loans! One can easily avail 100% digital Personal Loan as well in few simple steps.

Apart from new ones, you can also easily access and control existing services such as your Savings Account /Loan statements, Forex, Demat and Mutual Fund details, Credit and Debit Cards statements or converting your Credit Card dues into EMI.

<b>Go beyond everyday banking</b>

Now that banking services are covered, what next? Glad you asked!

Enjoy deals on various brands across lifestyle, travel and more with grab deals on the Axis Mobile App, open. Not only can Axis Bank customers be eligible for these offers but on having specific products such as the Full Power Digital Savings Account you can avail for exclusive cashback!

You can also browse through the Open Access blog for timely and thematic reads on all things related to personal finance.
If you have queries that need to be resolved at a branch, use the app’s branch locator feature to know where the nearest Axis Bank branch is!
And while there may be more features for you to unpack, we welcome you to join open by Axis Bank and explore them as per your preferences.

For any feedback, queries or issues pertaining to Axis Mobile application please write to customer.service@axisbank.com or call us @ 1860-419-5555

For any other details  <a href=""https://www.google.com/url?q=https%3A%2F%2Fwww.axisbank.com%2Fbank-smart%2Fopen-by-axis-bank&sa=D&sntz=1&usg=AOvVaw1y7utuViwBaTm5EJY0MJBI"">please visit</a> https://www.axisbank.com/bank-smart/open-by-axis-bank",https://www.axisbank.com/privacy-policy,4.7663,"50,000,000+",0
com.hdfcbank.android.now,HDFC Bank App: Banking & Cards,HDFC BANK,"All-New HDFC Bank App

Welcome to the HDFC Bank App — a secure and powerful mobile banking app designed to make everyday banking fast, simple, and convenient.
Manage your bank accounts, UPI payments, fund transfers, bill payments, credit cards, and loans from one trusted digital banking app

Key Features of the HDFC Bank App

 Thoughtfully Designed Interface

Enjoy a clean, intuitive, and user-friendly banking experience built for effortless navigation.

 Secure Lock – Take Control of Your Banking Access
Instantly block or unblock access to the HDFC Bank App, NetBanking, and UPI across apps with a single tap—helping protect your account from unauthorized use.

- One-tap block/unblock anytime
- 100% digital self-service
- Scheduled payments continue as usual
- Extra protection during travel or suspicious activity

Two-Step Verification – Faster & Safer Authentication
Approve and authenticate transactions directly through the New HDFC Bank App—without waiting for OTPs.
- Instant approvals via secure app notifications
- Strong multi-factor authentication
- Faster logins without OTP delays
- Password-less login with QR scan and mPIN
- Seamless authentication for payees and transactions

 Fast & Secure Login :
Access your account instantly using fingerprint login, facial recognition, or MPIN authentication.

Complete Account Overview :
View and manage your savings account, current account, fixed deposits, recurring deposits, and credit card details in one place.

UPI Payments & Instant Fund Transfers. Send and receive money instantly using :
- UPI (Unified Payments Interface)
- IMPS
- NEFT
- Transfer funds to any bank account securely, anytime.

 Easy Bill Payments & Recharges :
Pay electricity bills, gas bills, broadband, DTH, mobile recharge, and other utility payments directly from the app.

Apply for Loans & Manage Credit Cards :
- Apply for personal loans and home loans
- Manage credit card payments and services
- Track EMIs and loan details easily

Debit Card Reward Points Redemption :
Check your available debit card reward points and redeem them directly via the app.

Smart Savings & Deposits :
Open and manage fixed deposits and recurring deposits digitally for smarter savings.

Advanced Multi-Layered Security :
Stay protected with device binding, authentication controls, and robust security systems to ensure safe online banking.

Personalized Banking Insights :
Receive tailored financial insights and smart recommendations to help manage expenses, savings, and investments better.

Customizable Themes :
Switch between day mode and night mode for a comfortable viewing experience.
Why Choose the HDFC Bank App?
- Trusted digital banking from one of India’s leading private banks
- Secure mobile banking with advanced protection
- Fast UPI money transfer & online payments
- Easy loan applications & credit card management
- All your banking services in one powerful app


Download the All-New HDFC Bank App Today 


Experience secure, fast, and convenient banking at your fingertips. Manage accounts, transfer money, pay bills, apply for loans, and more — anytime, anywhere.

By downloading the HDFC Bank App : 


*you consent to the installation of this app and its future updates and upgrades. You can withdraw your consent at any time by deleting the app from your device, 

*you are agreeing and providing consent to have read and understood the privacy notice of HDFC Bank. To know more about the privacy notice, please click here. 


https://www.hdfcbank.com/aboutus/terms_conditions/privacy.html",http://www.hdfcbank.com/aboutus/terms_conditions/privacy.htm,4.6964135,"10,000,000+",0
com.fedmobile,Federal Bank - FedMobile,Federal Bank,"This revamped version of FedMobile– Federal Bank’s highly popular mobile banking application - comes with more user-friendly and advanced features than its predecessor, ensuring a richer and more pleasant experience for its users. We have combined Mobile Banking, FedBook and BHIM UPI into a single application plus a whole host of new features and services to make it a one stop shop for all your banking needs. 

Enriched with new banking and payment features, this version of the app is a complete package, which enables users to access and manage their accounts from anywhere, anytime; it enables the user to undertake – banking as well as non-banking transactions. 

Specific features include  

Recharge & Bill Payments: Our recharge and bill payment sections allow you to do mobile/DTH/Fastag recharges and payment of a wide variety of bills including Mobile, Electricity, Water, Gas etc. 

Transfer funds online: Make payments and funds transfers online real-time, using payments methods like UPI, IMPS, NEFT, RTGS etc. 

BHIM UPI: We have integrated all the UPI functionalities into the app so that allows you to enjoy the full bouquet of UPI services using this app. 

FedBook: Bank’s digital passbook app is now available as an exclusive feature in FedMobile. This allows you to access all your accounts and statements without having to download FedBook separately.   

Investments:  Using the app, you can now invest in Mutual Funds, Gold and Bank’s various deposit schemes. The “Help Me decide” feature in the app will guide you to the most suitable investment option among all the options.  

Loans: A full-fledged loans module allows you to manage all your loan accounts, repay loan instalments, apply for loans, and avail loans instantly.  

Account Services: The account services menu in the side bar allows you manage features linked to your account like Transaction limits, PIN, VPA, Biometric Login, Profile, Email IDs, Nominee details, ON/OFF/Block/Unblock debit cards etc.  

Service Requests: You can make an array of service requests like Cheque Book, submission of 15G/H, Download TDS certificates,  

Merchant Services: Our new merchant services section allows you to make Bus, Flights, Hotel Bookings and Gift Vouchers.

Help and Support: The unique help and support module in the account services menu helps you get clarifications and raise tickets for all the services available throughout the app.  

 

To experience the ease and convenience of a truly world-class mobile banking app, download the FedMobile now. 

 Terms and conditions: https://federalbank.co.in/tandc  

  

For any queries related to FedMobile, please write to us at contact@federalbank.co.in or call us at 1800-425-1199/1800-420-1199(National Toll Free Number) or +91-484-2630995/2630995(for NRI customers)",https://www.federalbank.co.in/privacy-policy,4.4405084,"10,000,000+",0
com.moneytap.bnpl.app,"Freo - UPI, Insurance, Loans",Freo,"<b>Freo App, where you can Pay, Invest, Borrow and Insure, all within a single app.</b>

<font color=""blue"">Unlock flexible loans, invest in digital gold, secure insurance, & enjoy fast UPI payments - all in one app! Manage your money better - get Freo & power up your finances⚡️</font>


🏅<font color=""blue""><b> Buy Digital Gold– Start with Just ₹10! </b></font>
• Invest in 24K gold🏆
• No hassle of physical storage
• Buy & sell anytime, anywhere

🛡️<font color=""blue""><b>  Insurance with Freo Care</b></font>
• Get curated insurance planss
• Coverage for vector-borne diseases like Malaria & Dengue
• Daily cash benefits for hospitalization
• Comprehensive vehicle insurance 🚗 🏍️
• Women-centric health plans 💁‍♀️
• Pet insurance 🐶
• Secure your valuables💍 & big purchases 💻

💰 <font color=""blue""><b>Fixed Deposits – High-Return Rates</b></font>
• Instantly book FDs from ₹1,000/- with returns up to 9%*
• Flexible tenures to suit your needs
• Choose from trusted banks & institutions

<b>Freo’s products are designed to help you get started with ease. Haven’t explored them yet? <font color=""blue"">Start small, start now</font>, and experience the difference for yourself!</b>

<font color=""blue""><b>Scan & pay across India with Freo UPI 🇮🇳  </b></font>

<i>Freo UPI is fast, safe, secure, meets all your payment, investment, insurance & banking needs</i>

<b>Freo UPI allows you to:</b>
• Money Transfer with BHIM UPI
• Check Bank A/c Balance
• Manage Multiple Bank A/c in Freo app
• Save beneficiaries
• Offline Payments (Pay via QR Code at local stores, kirana, food, medicines etc.)
• Online Payments (food-grocery orders, shopping, travel bookings)
• Pay for Recharges (Prepaid-Postpaid mobile bills, Cable-OTT, Wi-Fi)
• Pay your utility bills (Gas, Electricity, Water etc.)
• Buy/Renew Insurance Policies
• Use Credit on UPI powered by Rupay Credit Cards

 <font color=""blue""><b>💰Borrow flexibly with Freo (formerly MoneyTap)</b> </font>

A Personal Loan with Freo stands out with fast & smooth experience, great loan offers and from trusted partners.

<b>Best Features</b>
● Borrow small or big (any amount from ₹3,000 to ₹5 lakhs)
● Pay interest only on the amount you use
● Instant loans with no collateral risk
● Fast, digital & paperless process
● Flexible EMIs
● Top-up loans

<b>Loan Terms:</b>
● Amount: ₹3,000 to ₹5 lakhs
● Interest: 12% to 36% per annum
● APR: 10% to 70%
● Tenures: 3 to 36 months
● Low processing & setup fees

For ₹1,00,000 personal loan, for 1 year, @13% per annum*, a user would pay:
- Processing fee (at 2%) = ₹2,000 + GST = ₹2,360
- Setup fee of ₹999+GST = ₹1181/- to be paid upfront
- Interest = ₹7,181
- EMI = ₹8,932
Total amount to pay = ₹1,10,725/-

<i>*Interest Rate varies based on your risk profile. Only a fraction of our customers get an interest rate higher than 30% p.a.</i>

Our Lending Partners:
→ SMFG India Credit Co. Ltd. (Formerly Fullerton India Credit Company Limited)
https://bit.ly/46KNzh9
→ Incred Capital Financial Services Pvt Ltd
https://bit.ly/3eTT0op
→ Kisetsu Saison Finance (India) Private Limited
https://bit.ly/FreoCS
→ Cholamandalam Investment and Finance Company
https://bit.ly/Cholamandalam
→ Transactree Technologies Pvt Ltd
https://bit.ly/3UkU5WJ
→ Tapstart Capital Pvt Ltd.
https://bit.ly/3qOUeEc

Our Partners: 
→ YES Bank - YES Bank Ltd.
→ Equitas SFB - Equitas Small Finance Bank
→ Lendbox - Transactree Technologies Pvt Ltd 
→ Liquiloans - NDX Financials Services Pvt Ltd

<b>App Permissions</b>
SMS: to verify Phone number for registration
Location: a requirement by NPCI for UPI transactions
Contacts: for phone numbers to send money to & numbers to recharge
Camera: to scan QR code
Storage: to store scanned QR code
Photos, Media, Files: to upload & read the QR code
Accounts: to pre-populate email ID while signing up
Call: to detect single vs dual sim & let user choose
Microphone: to carry out KYC video verification

<b> Contact: hello@freo.money </b>",https://freopay.com/privacy-policy/,4.1756034,"5,000,000+",0
com.myairtelapp,"Airtel: Recharge, Bank & Loans",Airtel,"Unlock premium perks from your favourite brands every month with Airtel Insider. This month, enjoy 3 months of LinkedIn Premium, 12 months of MMT Advantage Plus and 2 months of EazyDiner Prime. Claim it on the Airtel App along with easy recharges, hassle-free bill payments, call manager, data balance check and instant UPI transactions. Get amazing cashback and discount coupons on Airtel Payments Bank and Airtel Wallet transactions. Download the app to explore the new design and its many unique features. 

Airtel 5G Plus 

Airtel becomes the first operator to launch 5G in India. Airtel 5G Plus delivers up to 30x faster speed than 4G which allows the users to download heavy files in just a few seconds. You can now experience 4K video viewing without any buffer on your devices. 

All this can be done, without changing your existing SIM. Experience the 5G Plus journey seamlessly on Airtel App. 

Mobile Prepaid Recharge 

Access plan details, data usage, expiry date through a single card available in real-time on the app. Never miss a due date, get prepaid recharge reminders on the App homepage. 
Easily add multiple Airtel accounts and recharge online for all of them on Airtel App. 

Airtel Postpaid 

With the Airtel Postpaid advantage, enjoy faster speeds and unlimited 4G + 5G data. Plus, get access to 20+ OTTs and more.

DTH 

Recharge your DTH connection on the Airtel app to get exclusive offers and cashback with every DTH online recharge. Track your connection validity, add/remove Channels, get quick help on the app. 

Broadband 

Get the best Wi-Fi deals with an option to upgrade your existing plan and make your monthly Wi-Fi bill payments with ease. Enjoy office-like internet with a new connection of Airtel Wi-Fi ranging from ₹499 to ₹3,999. 

UPI Money Transfer 

Enjoy lightning-fast safe and secure UPI money transfer on the Airtel app. Scan any QR code and make contactless online payment to any merchant. 

Call Manager 

Call Manager is a functionality in the Airtel app for all Airtel mobile users. With this feature, we will enable users for the first time to track all the calls and alerts in a single place - calls which went through and those which got missed due to network not being available at caller's end. User will be notified about all the calls they missed while they were out of network or the person they were calling was out of network, exclusively on the Airtel app. 

Pay Utility Bills 

Electricity, water, gas, Postpaid, piped gas, and others- the Airtel app is the only app you'll need to pay all your utility bills within minutes. 

Airtel Payments Bank 

Open a Safe Second Account with Airtel Payments Bank anytime, anywhere in minutes. 
Scan & Pay on any QR, transfer money, pay utility bills or make instant mobile & DTH recharges 
Safe Banking with Fraud Alarm, Manage Limits & Sleep mode 
Set up Autopay for OTT, loan EMIs, insurance premiums, Load Cash & Auto Load money 
Buy or Recharge NETC FASTag 

Unique Features 

Store up to 2GB data on Airtel Cloud for free and never delete anything you love. 
Manage multiple Airtel accounts in one place 
Get free OTT subscriptions such as JioHotstar, Netflix, Amazon Prime with Prepaid, Postpaid, DTH, and Wi-Fi plans

Wait no more, enter a world of convenience and benefits with the Airtel app. Download NOW!",http://www.airtel.in/forme/privacy-policy/,4.1026406,"500,000,000+",0
tech.fplabs.score,OneScore: Credit Score App,FPL Technologies,"OneScore: India’s Most Trusted Free Credit Score App
Take control of your financial health with OneScore, the ultimate credit monitoring app trusted by over 6 Crore Indians. Whether you want to do a free credit score check, track your financial habits, or learn how to improve credit score, OneScore is your one-stop solution.
We offer a free credit score management platform with absolutely zero spam and zero ads.
✅ Free CIBIL Score Check & Experian Score
Checking your credit health has never been easier. With OneScore, you get an instant, free CIBIL score and Experian score check in seconds. Keep track of your progress with our detailed, jargon-free credit reports.
✅ Why Choose One Score?
• Spam-Free Experience: No unwanted calls, no annoying emails. Your data is strictly yours.
• Ad-Free Platform: Enjoy a clean, intuitive interface as you track your credit.
• Alerts: Get notified on changes to your profile. As a top-rated credit monitoring app, we ensure you are always informed about new inquiries or account updates.
📈 Improve & Increase Credit Score
Having a low score isn't the end of the road. OneScore gives you the ultimate tools to increase credit score over time:
• Score Planner: Set a target and get a personalized, step-by-step plan to improve credit score.
• Find Out Why: Instantly analyze exactly what caused your CIBIL score to drop or rise.
• Error Resolution: Spot a mistake in your report? Report frauds & inaccuracies with a single click 
💰 Unlock Premium Personal Loan Offers
When you build a strong credit score with the One Score app, you unlock exclusive financial rewards. Based on your credit health, get access to instant personal loans for emergencies, vacations, or medical needs.
Personal Loan Features (Powered by Top Lenders):
• Zero documentation & easy application
• No collateral required
• Flexible EMI options to suit your budget
• Loan Amount: Up to Rs. 7 Lakh
• Repayment Tenure: 6 months to 48 months
• Interest Rates: 13.5% to 36% p.a. (depending on the lending partner & profile)
• Processing fees: 0% to 5%
• APR: 16% to 42%
Example for clarity:
For a personal loan of ₹50,000 at a 13% interest rate for 1 year:
EMI: ₹4,466
Total Interest: ₹3,592
Processing Fees (incl. GST): ₹1,179
Disbursed Amount: ₹48,821
Total Amount Payable: ₹54,771
(Note: Broken period interest may apply depending on disbursal date).
Our Lending Partners:
• Kisetsu Saison Finance India (KSF)
• Sumitomo Mitsui Financial Group (SMFG)
• InCred Financial Services Limited
• Piramal Finance Limited
Eligibility for Loans:
CIBIL score of 650 & above
Salaried or Self Employed
Valid Aadhar and PAN card
🔒 Safe, Secure & Private
OneScore is built on bank-grade security. None of your personal information is shared with unauthorized third-party institutions. We are simply here to help you get the best free credit score app experience.
Download OneScore today, do your cibil score check, and start your journey toward absolute financial freedom!
Contact Us:
📧 Email: onescorehelp@onescore.app
🌐 Website: https://onescore.app
🏢 Address: West Bay, S. No. 278 Hissa No. 4/3, Pallod Farms Phase II, Baner, Pune, MH IN 411045",https://www.onescore.app/privacy/,4.557828,"10,000,000+",0
com.naviapp,"Navi: UPI, Payments, Insurance",Navi,"Navi, your all-in-one financial superapp designed for your diverse financial needs, offers a range of services for your daily convenience. Whether it is lightning-fast UPI payments, investments in mutual funds and gold, or dependable health and motor insurance coverage, Navi has you covered. Download the Navi app and unlock a world of possibilities for your financial well-being.

<b>1. Navi UPI</b>
Simplify money transfers with Navi UPI (NPCI Approved).

<b>Navi UPI Features</b>
✅ Instantly transfer money to anyone, anytime 
✅ Pay bills and recharge online
✅ Conveniently scan and pay at any store
✅ Seamlessly make online payments on various apps
✅ Enjoy hassle-free payments with Navi UPI Lite, no PIN required

<b>2. Navi Health Insurance</b>
Safeguard yourself and your family's financial future with Navi Health Insurance.

<b>Navi Health Insurance Features</b>
✅ Coverage up to ₹3 crore
✅ Health insurance premiums starting at just ₹350* per month
✅ Experience quality healthcare at over 12,000+ network hospitals*
✅ Cashless claim settlement within 20 minutes*
✅ Benefit from 100% coverage* of hospital bills through a paperless process

<b>3. Investments</b>
Discover diverse investment opportunities with mutual funds and digital gold.

<b>Navi Mutual Fund Features</b>
✅ Diversify with Direct Index Funds for better growth
✅ Flexible SIP options: daily, weekly, or monthly
✅ Zero commission & one of lowest expense ratios for cost-effective investing
✅ Fastest redemption order payout in the industry
✅ Invest till 3 PM and get the same-day NAV for better returns
✅ Investment starts with just ₹100

Remember, mutual fund investments are subject to market risks; read all scheme related documents carefully.

<b>Navi Gold Features</b>
✅ 24K Digital Gold
✅ 99.9% purity
✅ Investment starts with just ₹50

<b>4. Referral Program</b>
Discover endless rewards with Navi's referral program! Share the Navi app with friends and family, and unlock exclusive rewards for every successful referral.

<b>About Navi</b>
- Navi app is developed & owned by Navi Limited (formerly known as Navi Technologies Limited), founded by Sachin Bansal and Ankit Agarwal, in December 2018.
- Health Insurance is offered by Navi General Insurance Limited, registered with the IRDAI as a general insurer.
- Navi Mutual Fund, registered with the SEBI, offers multiple mutual fund schemes to investors.
- Navi UPI is NPCI approved.",https://navi.com/privacy-policy,4.498889,"100,000,000+",0
com.mobikwik_new,"MobiKwik: Loans, UPI & Wallet",One MobiKwik Systems Limited,"MobiKwik is India’s favourite app for <b>instant loans up to ₹15 Lakhs</b>, seamless <b>UPI payments</b>, and high-yield investments. Trusted by 18.6 Crore+ users, we provide a secure ecosystem for all your financial needs.

<b>💰 Instant Personal Loans</b> Get the funds you need with a 100% digital process.
- <b>Credit Limit:</b> From ₹30,000 up to <b>₹15,00,000</b>.
- <b>Instant Disbursal:</b> Funds in your bank account in minutes.
- <b>Tenure:</b> Flexible repayment from 3 to 36 months.
- <b>Interest Rates:</b> Starting from 0.8% per month.
Sample Loan Calculation: Loan Amount: ₹50,000 | Tenure: 12 months APR: 16% p.a. | EMI: ₹4,537 Processing Fee (2%): ₹1,000 Total Repayment: ₹55,444

<b>⚡ UPI & QR Payments</b> Experience lightning-fast payments with India’s most versatile UPI app.
- <b>Scan & Pay:</b> Pay at any merchant QR code instantly.
- <b>RuPay Credit Card on UPI:</b> Link your card and scan to pay at any store.
- <b>Money Transfer:</b> Send money to any UPI ID, mobile number, or bank account.
- <b>Self Transfer:</b> Move funds between your own bank accounts effortlessly.

<b>🚀 Pocket UPI</b> The power of <b>UPI without a bank account</b>.
- <b>No Bank Required:</b> Use your wallet balance for UPI transactions.
- <b>Clean Statements:</b> Keep small daily spends off your bank passbook.
- <b>Biometric Security:</b> Pay via Fingerprint or Face ID - no PIN needed for small scans.
- <b>Top-up option Limits:</b> Load wallet via Credit Card, Debit Card or UPI.

<b>👛 India’s Leading Digital Wallet</b>
MobiKwik is India's pioneer in <b>digital wallet</b> payments, offering unmatched speed and flexibility.
- <b>Add Money via Credit Card:</b> Use your credit card to load your wallet and manage spends.
- <b>Transfer to Bank:</b> Move your wallet balance to any bank account instantly.
- <b>Widest Acceptance:</b> Pay at 1 Million+ online and offline brands like Zomato, Swiggy, Flipkart, BigBasket, 1mg, Myntra & many more
- <b>One-Tap Checkout:</b> Enjoy the fastest checkout experience without waiting for OTPs.

<b>💳 MobiKwik First Card</b> A credit card for everyone, backed by a <b>Fixed Deposit</b>
- 100% Guaranteed Approval with no income proof.
- Earn up to <b>7.9% interest</b> on your FD while you spend.
- The fastest way to build or improve your credit score.

<b>📈 Wealth & Investments</b>
- <b>Fixed Deposits:</b> Industry-leading returns up to <b>8.3% p.a.</b>
- <b>Invest in Bonds:</b> Secure your future with <b>stable returns</b> on high-rated Bonds.
- <b>Stock Tracking:</b> Monitor and <b>track your stocks</b> and portfolio performance in real-time.
- <b>Digital Gold:</b> Buy or start a SIP in 24K pure gold from ₹10.
- <b>LENS Spend Tracker:</b> Track balances across banks and get smart insights.

<b>📱 Utilities & Bill Payments</b>
- <b>Recharges:</b> Instant mobile, DTH, and Data packs.
- <b>Bill Payments:</b> Electricity, Water, Gas, and FASTag for 300+ billers.
- <b>Credit Card Bills:</b> Instant settlement for all major bank credit cards.

Lending Partners: SMFG India Credit, Transactree Technologies (Lendbox), Northern Arc Capital, Credit Saison India, Poonawalla Fincorp, Krazybee Services (KB NBFC), Piramal Capital, Suryoday Small Finance Bank, U GRO Capital, Aditya Birla Finance, L&T Finance, Trillion Loans, IDFC FIRST Bank, Hero FinCorp.

<b>Contact Us:</b> One MobiKwik Systems Limited, Sector-53, Gurugram, Haryana 122003, India. 📞 080-69808686 | 🌐 www.mobikwik.com/help",https://www.mobikwik.com/privacypolicy,4.4262667,"100,000,000+",0
com.kreditbee.android,"KreditBee: Personal Loans, UPI",Finnovation Tech Solutions Pvt Ltd,"KreditBee is an online personal loan app trusted by 100+ million users. Enjoy quick personal loans at attractive interest rates hassle-free. Apply for a quick online loan & get the amount directly in bank account. Whether salaried or self-employed, get easy funds anytime, anywhere. Also experience faster, secure and reliable UPI Payments at your fingertips.

● Online personal loans from ₹6,000 to ₹10,00,000 
● Interest rates - 12% to 28.5% p.a. 
● Tenures - 6 to 60 months
● APR range - 17% to 50% 
● Low transaction fees
● Quick loans & easy EMI

Why choose KreditBee?
● Quick online loan
● Low interest rates
● Easy application process
● Fast loan approval
● Seamless and reliable UPI Payments

👉 KreditBee UPI (NPCI approved)—Faster, reliable, & secure  payments!
✅ Setup UPI ID by linking your bank account with registered mobile number
✅ Shop online & offline seamlessly
✅ Send & receive money instantly

✨Features of KreditBee personal loan app
✔ Quick Approval – Get a personal loan approved in minutes on our loan app
✔ Flexible Repayment Options – Pay online loan within 6 to 60 months depending on eligibility
✔ Digital process – Enjoy hassle-free documentation with our online personal loan app. Submit documents online
✔ Full Transparency - No hidden costs
✔ Convenient – Get a quick personal loan anytime, anywhere
✔ Languages – English & Hindi

Why KreditBee?
Loan for All Purposes: Finance big purchases, short or long domestic/international trips, education, shopping, wedding expenses, & debt consolidation, emergency home repairs, or medical bills.
Flexible Interest Rates: From 12% to 28.5% per annum.
Security: Partnered only with RBI-certified NBFCs/Banks.

🤝 RBI-registered Lending Partners
Krazybee Services Pvt. Ltd.
PayU Finance India Pvt. Ltd.
Oxyzo Financial Services Ltd.
Vivriti Capital Pvt. Ltd.
Cholamandalam Investment and Finance Company Ltd.
Kisetsu Saison Finance (India) Pvt Ltd.
Tata Capital Ltd.
Northern Arc Capital Ltd.
Piramal Finance Ltd. (Formerly Piramal Capital & Housing Finance Ltd.)
MAS Financial Services Ltd.
Mirae Asset Financial Services (India) Pvt. Ltd.
Aditya Birla Capital Limited
* KreditBee is a loan facilitator platform connecting users with our RBI-registered NBFC partners & Banks.

Loans Types

👉 Personal Loan: Easy personal loans for salaried and self-employed individuals with flexible repayment terms of 6 to 60 months for a loan amount of  ₹6,000 to ₹10,00,000.  

👉 Business Loan: Business loans from ₹6,000 to ₹1 Crore with flexible tenures of 6 to 48 months. 

👉 Two-wheeler Loan: Get a loan up to ₹5,00,000 with flexible tenures of 6 to 60 months. 

👉 Loan Against Property: Use plot or property as collateral for up to ₹1 Crore. Repay over a period of upto 20 years with lower interest rates from 12%. Available in major cities across South India.  

📋 Personal Loan (Example)
Loan Amount: ₹1,00,000
Tenure: 18 months
Interest Rate: 23% p.a.
Processing Fee: ₹4,000 (4%)
Documentation Fees: ₹10
GST on Processing Fee: ₹720
Total Interest: ₹19,189
EMI: ₹6,621
APR: 29.66%
Amount Disbursed: ₹95,270
Total Repayment Amount: ₹1,19,189

📄Eligibility
a) Indian national
b) Over the age of 21
c) Steady monthly income

Steps to avail a loan
1. Install KreditBee app
2. Sign up using mobile number
3. Submit PAN number & check eligibility
4. Upload KYC docs & address proof to verify profile 
5. Choose amount & tenure
6. Provide bank A/C details
7. Disburse money into bank account 

Queries?
📧Mail: help@kreditbee.in
📱Call: 080-44292200/080-68534522
🏢Address: 4th Floor, Anjaneya Techno Park, No. 147, HAL Old Airport Road, ISRO Colony, Kodihalli, Bengaluru- 560008, Karnataka.

With KreditBee, you get a loan app, & financial companion. Our customer support team will assist you throughout your loan journey. Unlock possibilities with KreditBee!",https://www.kreditbee.in/privacy-policy,4.6075826,"100,000,000+",0
com.whizdm.moneyview.loans,"Moneyview: UPI, Personal Loans",Moneyview,"Moneyview is a trusted loan app used by 12 Crore+ Indians to get quick personal loans directly into their bank accounts.

Whether you need an urgent loan app for emergencies or a small loan app for short-term needs, Moneyview helps salaried and self-employed users access funds anytime, anywhere. Among the leading personal loan apps India trusts, Moneyview offers easy and fully digital financial services.

Access All-in-One Financial Services with the Moneyview App!

✅ Personal Loans – Up to ₹10 Lakhs
✅ Home Loans – Up to ₹15 Crores
✅ Credit Cards – Top bank cards
✅ UPI Payments – Send & receive money instantly
✅ Invest in 24K Digi Gold & Fixed Deposits
✅ Free CIBIL Score Check

*Terms and Conditions Apply!

1. Moneyview UPI

Introducing Moneyview UPI, a secure and easy-to-use UPI payment app.

✅ Scan & Pay
✅ UPI ID payments
✅ Self Transfer
✅ Simple interface


2. Personal Loan*

Get personal loans from ₹5,000 up to ₹10 Lakhs with fast approvals and minimal documentation. Whether you need funds for emergencies or planned expenses, Moneyview offers a simple and paperless borrowing experience through its fastest personal loan app.

What makes us better?

✅ Personal Loans from ₹5,000–₹10,00,000
✅ Tenure: 3–60 months
✅ Interest rates starting from 14% p.a.
✅ APR: 17%–45%*
✅ 100% paperless process

* Personal loan will be approved and disbursed by Moneyview lending partner.

3. Credit Cards

Powered by HDFC, SBI Card, Axis, IDFC, Kotak, & Au Small Finance.

✅ Credit limit up to ₹5 Lakhs*
✅ Rewards & gift vouchers
✅ Zero joining & annual fee*

4. Home Loan & LAP

Get Home Loans & LAP up to ₹15 Cr.

✅ Interest rates starting from 7.75%* p.a.

5. Invest in 24K Pure Gold

Invest from just ₹10 with secure storage in partnership with CaratLane.

6. Invest in FD

✅ Compare & invest in Fixed Deposits from top banks and NBFC partners.

7. Vehcle Insurance
✅ Buy or Renew your Motor Insurance starting 1.5/day*.


Our Lending Partners:

☑️ Whizdm Finance Pvt Ltd
☑️ Aditya Birla Capital Ltd
☑️ DMI Finance Pvt Ltd
☑️ Clix Capital Services Pvt Ltd
☑️ SMFG India Credit Company Ltd
☑️ Kisetsu Saison Finance (India) Pvt Ltd
☑️ Piramal Finance Ltd
☑️ Northern Arc Capital Ltd
☑️ OXYZO Financial Services Ltd
☑️ PayU Finance India Private Ltd
☑️ Resilient Finance Pvt Ltd (Formerly Trillionloans Fintech Pvt Ltd)
☑️ The South Indian Bank Ltd.
☑️ Grow Money Capital Pvt Ltd
☑️ Vivriti Capital Limted
☑️ Cholamandalam Investment and Finance Company Limited

Example of how Personal Loan works:

✅ Loan Amount: ₹50,000
✅ Tenure: 12 months
✅ Interest Rate: 20%
✅ Processing Fees (incl. GST): 2.5% [₹1,250 + ₹225 GST]
✅ Monthly EMI: ₹4,632
✅ Total Interest Payable: ₹5,584
✅ Annual Percentage Rate (APR): 25.85%
✅ Disbursed Amount: ₹48,525
✅ Total Amount Payable: ₹55,584
✅ Total Cost of the Loan: ₹6,834

*Note: These numbers are for representation purposes only. The final interest rate & APR will depend on the customer’s credit assessment, as decided by Moneyview’s Lending Partner(s).

☑️ Responsible Lending:

Moneyview has partnered with RBI-registered NBFCs/Financial Institutions.
Our policies and services are compliant with extant applicable laws. We are a founding member of the Digital Lenders Association of India and adhere to the DLAI code of conduct.

Queries:

📧 Mail: care@moneyview.in
🤙 Call: 080-69390476
🏢 Address: 17/1, 1st & 2nd Floor, The Address Building, Kadubeesanahalli, Bengaluru-560103

Moneyview is a trusted loan app for personal loan needs. Whether you search for personal loan, loan apps, personal loan app, instant personal loan app, small loan app or पर्सनल लोन, Moneyview helps you access credit easily.",https://moneyview.in/privacy-policy-loans,4.7528653,"50,000,000+",0
co.tslc.cashe.android,CASHe: Quick Personal Loan App,CASHe: Instant Personal Loan App,"<b>CASHe: The Instant Personal Loan App</b>

Need urgent money instantly?
Your go-to cash loan app- CASHe is here!
CASHe brings the best instant personal loan options for salaried professionals.

Whether you need the funds for a medical emergency, vehicle repair, home makeover, weekend shopping, or a wedding celebration, CASHe is your trusted instant personal loan app!
Download the CASHe instant loan App and get quick loans from ₹45,000 to ₹3,00,000. Apply from anywhere, anytime, and get the loan amount approved within minutes. With zero paperwork, quick approvals, and basic KYC documentation, avail a loan and get cash in your bank account instantly. Our money loan app also offers flexible repayment options of up to 18 months.
CASHe is a simple, quick, and secure small loan app and is the perfect urgent loan app you are looking for.

<b>Features of CASHe - Instant Personal Loan App</b>

CASHe is an all-in-one credit app with the following features:

Flexible loan amounts from ₹45,000 to ₹3,00,000
Quick loan approvals
100% paperless & digital process
No security or collateral needed
Instant loan disbursal in minutes 
Flexible EMIs for easy repayment
Competitive interest rates
Use the funds for all your personal needs (travel, education, and emergencies)

<b>CASHe Products</b>

The CASHe instant personal loan app offers the following:

Instant Personal Loans
Travel Loans
Medical Loans
Home Renovation Loans
Education Loans
Mobile Loans
Consumer Durable Loans
Bike Loans
EV Two-Wheeler Loans
CASHe digital gold
BNPL (Buy Now Pay Later)

<b>Medical Loans @ CASHe</b>

CASHe is also a medical loan app. You can avail a personal loan for medical emergencies that offers you the financial aid you require to manage your sudden medical expenses. CASHe has partnered with AyushPay to help you with cashless medical loans of up to ₹3 lakhs at a strong network of 5000+ hospitals across India.

<b>Loan Eligibility on the CASHe Instant Personal Loan App</b>

Age: 21 - 55 years
Monthly income: Minimum ₹40,000 (credited via bank transfer)

<b>Documents Required to Apply for a Loan on the CASHe Instant Personal Loan App</b>

PAN Card
Identity Proof (Aadhaar Card, Passport, Voter ID, etc.)
Address Proof (Utility Bill, Driving License, etc.)
Last 3-month bank statements showing salary credit
A recent selfie

<b>How to Get Cash Instantly Using Our Cash Loan App?</b>

To get cash using our user-friendly small loan app, follow these steps:
Download the CASHe Instant Loan App
Sign up with your mobile & email
Complete your profile
Upload KYC documents
Select loan amount & tenure
Upon approval, get money in your bank account instantly.

<b>CASHe Loan Interest Rate & Example</b>

CASHe instant personal loan app keeps all its charges transparent.
✔️ Interest Rates: Starting at 2.79% per month
✔️ Tenures: 9 to 18 months
✔️ Maximum APR: 48%

Example Calculation:

Loan Amount: ₹50,000
Loan Interest Rate: 36% p.a. (reducing balance)
Loan Tenure: 9 months
Total Interest: ₹13,500
Loan Processing Fees + GST: ₹3,245
In-hand Amount: ₹46,755
Loan Monthly EMI: ₹7,055
(Note: During disbursal, PF & GST are deducted upfront)

<b>Why CASHe Urgent Loan App?</b>

Here are the reasons to choose our reliable loan app:
Quick approvals in minutes & no long waits
Flexible repayment plans
Competitive interest rates
100% online process
Pre-approved credit limits
Digital gold investment for as little as ₹1.
BNPL (Buy Now Pay Later) options

<b>Partner NBFCs/Banks</b>

Bhanix Finance & Investment Ltd.
Vivriti Capital Pvt. Ltd.
Northern Arc Capital Ltd.
Apollo Finvest (India) Ltd.

<b>Data Security via Secure Loan Application</b>

Your safety is our priority! CASHe instant personal loan app uses 128-bit SSL encryption and follows the RBI’s Fair Practice Code to protect your data.
 
<b>Contact Us</b>

Head Office: Mumbai, India
Email: support@cashe.co.in
Website: www.cashe.co.in

Download CASHe Instant Loan App now - the instant personal loan app that offers cash in minutes, hassle-free!",https://info.cashe.co.in/privacy-policy.html,4.3633547,"10,000,000+",0
com.mpokket.app,mPokket: Instant Loan App,Maybright Ventures Private Limited,"Get an Instant Personal Loan or Business Loan up to ₹2,00,000 in just a few minutes! ⏱️
mPokket is India’s best instant loan app 🏆, trusted by more than 6.5 Crore registered Indians 🇮🇳. We provide quick cash for businessmen running a business 💼, gig workers 🛵, self employed, salaried professionals 👔, and Freshers/Interns pursuing education with part-time income 🎓.
Whether you need money to grow your business 📈, pay for an emergency 🚑, handle travel costs ✈️, or meet daily expenses 🏠, mPokket gives you a 100% digital and secure way to get money directly in your bank account 📲🔒.
Products: 
👤Personal loans 
🏢 Business loans 
Why Choose mPokket? 
💰Get instant loans up to ₹2,00,000 
🤝 Join over 6.5 Crore+ users who trust us 
🗓️ Pay back in easy EMIs from 6 to 24 months 
⚡100% digital process with very few documents and fast online check 
🏦 Loans given by RBI registered NBFC, mPokket Financial Services 
🎁 Get rewarded for paying back your loan on time 
🎧 Customer help is always available for you 
How to Apply for Personal Loan? 
📥 Install mPokket App 
📱 Register with mobile number and email id 
 📄 Submit KYC, Basic and other information & get approved 
🏦Add bank and Receive loan directly in bank account 
How to Apply for a Business Loan? 
📥 Install mPokket App 
📱 Register with mobile number and email id 
📂Submit KYC/KYB, Basic and Business information & get approved 
🏦 Add bank and Receive loan directly in bank account 
Interest Rates & Fees 
● Processing Fee: Starting from ₹37.5 + 18% GST (depends on loan amount and category)
● Monthly Interest: Between 1.58% to 3% per month
● Max Annual Rates: Maximum Annual Interest Rate (AIR) of 36% and maximum Annual Percentage Rate (APR) of 54.20%

Example of a business loan calculation
Loan amount: ₹2,00,000
Tenure: 24 Months EMI
Interest Rate: 19% Per annum

Processing Fee: ₹10,000
GST on Processing Fee: ₹1,800
Disbursed Amount: ₹1,88,200
Total Interest: ₹42,021
Other fee including GST: ₹241.97
APR: 24.5%
EMI: ₹10,082
Total loan repayable amount is ₹2,42,021 (excluding any applicable payment
gateway charges)

Example of a personal loan calculation
Loan amount: ₹2,00,000
Tenure: 24 Months EMI
Interest Rate: 22% Per annum
Processing Fee: ₹7,500
GST on Processing Fee: ₹1,350
Disbursed Amount: ₹1,91,150
Total Interest: ₹49,084
Other fee including GST: ₹249.18
APR: 26.1%
EMI: ₹10,376

Total loan repayable amount is ₹2,49,084 excluding any applicable payment
gateway charges

Loans are given out by our RBI registered NBFC, mPokket Financial Services
Private Limited. We store and analyze the transactional SMSs present on the users
device to assess his/her credit worthiness.

📞 Support 
📧 Email: support@mpokket.com 
🌐 Website: www.mpokket.in 
📍 Address: PS Srijan Corporate Park, Tower 1, 1204, Sector V, Kolkata, WB 700091",https://www.mpokket.in/privacy-and-data-storage-policy,4.623399,"50,000,000+",0
com.phonepe.app,"PhonePe UPI Payments, Loan App",PhonePe,"PhonePe is India’s leading fintech app that simplifies your daily financial needs. From instant UPI money transfer and online recharge to buying insurance plans, investing in Mutual Funds and buying 24K Digital Gold, PhonePe is your all-in-one digital UPI payment app.

💸 Money Transfer & UPI Payments

Experience the power of BHIM UPI on this UPI app for instant bank transfers & payments.
• Money Transfer: Use this UPI money transfer app to send money via UPI ID or mobile number.
• Scan & Pay: Scan the UPI QR code to pay at local stores, pharmacies & restaurants.
• Multiple Bank Accounts: Link your UPI bank account from SBI, HDFC, ICICI, Axis & 140+ banks to check balance.
• Self Transfer: Move funds between your own linked bank accounts easily.

📱 Mobile Recharge & Utility Bill Payments

PhonePe's recharge app keeps you on track with automated bill reminders.
• Mobile Recharge: Quick prepaid recharge for Jio, Airtel, Vi, & BSNL.
• DTH & Broadband: Use this DTH recharge app for Tata Play, Airtel Digital TV & other providers.
• Utility Bills Online: Electricity bill pay app that also clears water, gas, FASTag & landline bills in seconds.
• Credit Card Bill: Credit card bill payment app to clear bills for major banks.
• Insurance & Fees: Pay insurance premiums, tuition fees & municipal taxes.
• Bill Pay: Set reminders and pay bill for premiums, fees & taxes on time.

PhonePe Lending

PhonePe is a personal loan app offering an easy loan experience. Get personal loan approval and pre-approved personal loans, disbursed straight into your bank account through a fully digital online loan application process.

Repayment Period: 6 - 48 Months.
Maximum APR: 36% 

Example:
Loan Amount: ₹1,00,000
Tenure: 12 months
Rate of Interest: 11.76% per annum
Processing Fee: ₹3,245 (3.25%)
GST on Processing Fee: ₹584
Total Interest: ₹12,696
EMI: ₹4694
Maximum APR: 14.52% per month
Amount Disbursed: ₹96,755
Total Repayment Amount: ₹1,12,696 

We offer loans from India's biggest lenders - Aditya Birla, Piramal, IDFC First, L&T Finance, PayU, Credit Saison India, InstaMoney, KreditBee, & MoneyView

Save in 24K Digital Gold & Silver

Secure your future with 24K digital gold.
• Buy Gold & Silver: Start with just ₹10 or buy more.
• Live Gold Price: Track live rates for better decisions.
• 100% Secure: Savings are stored in insured bank-grade lockers.
• Physical Delivery: Get coins or bars delivered.
• Sell Anytime: Liquidate holdings at market prices.

📈 Mutual Funds & Investments App

Make your money work with curated Mutual Funds & wealth products.
• SIP Investment: Start a mutual funds SIP to build long-term wealth.
• Curated Funds: Investment ideas built on our CRISP fund evaluation framework
• 1000+ Funds: This mutual fund app offers funds from AMCs like SBI MF, HDFC Mutual Fund, etc.

Buy/Renew Insurance Policies on PhonePe
Get coverage with our insurance app - buy insurance online and renew your insurance policy in minutes
• Health & Life Insurance: Compare & buy through this health insurance app - plus life insurance plans for your family with flexible monthly premiums
• Motor Insurance: Browse plans for car insurance & bike insurance. Renew/buy policies in under 10 minutes- paperless
• Personal Accident: Stay protected against accidental death or disablement.
• Travel Insurance: Secure your international business & leisure trips.
Comes with claim support!

Online Shopping & Offline Payments

• Online Payment: Pay securely on shopping sites, food delivery & travel booking apps
• Offline Stores: Scan the QR code at your local kirana or grocery store for payments
• Gift Cards: Buy Gift Cards for easy payments at 1 lakh+ outlets

✈️ Travel & Commute

Book Flights, Buses & Hotels via ixigo & redBus. Get IRCTC Train tickets with easy refunds. Use the NCMC card for Metro recharge & tap-and-pay across India. Secure trips with Travel insurance for medical & delay coverage. Book Cabs easily

Privacy policy- https://www.phonepe.com/privacy-policy/",http://www.phonepe.com/en/policy.html,4.4380374,"500,000,000+",0
com.indialends.android,"IndiaLends-Loans, Credit Score",IndiaLends - GC Web Ventures Private Limited,"IndiaLends is an online marketplace for credit products and offer free credit report, range of credit cards and personal loans from different Banks and NBfcs. IndiaLends offers instant personal loans to its customers with most products being fully digital. IndiaLends also provides technology, data and credit analytics solutions along with a loan management platform to financial institutions. IndiaLends is run by a team of credit risk professionals and data scientists with multiple years of experience in consumer credit.
Product features:
Personal loan
Get personalized personal loan offers up to ₹25 lacs at interest rates starting 10.25% for a tenure ranging from 1 year to 5 years. The app selects the best suitable Banks/NBFCs offering minimal interest rate and easy approval based on your personal loan eligibility. IndiaLends has associations with over 50+ banks and NBFCs .
Personal Loan Eligibility
Age - 18 years - 60 years
Employment Type - Salaried/Self-Employed
Minimum Net Income (monthly) - ₹10,000
Work Experience - Salaried for at least 6/12 months or Self-Employed for at least 3 years

Tenure: (Min) 6 to (Max) 60 months

Annual Percentage Rate ranging from 10.25 (min.) to 25% (max) depending on customer’s credit and risk profile

Representative Example
With a representative 25% APR based on borrowing ₹ 5 lacs and repaying over 60 months with 60 monthly repayments, the monthly repayments will be ₹ 14,676 which can be paid within a tenure of 60 months.
The total payout here would be:
Principal Amount – Rs 5,00,000
Interest Charges (@25%): Rs 3,80,540
Loan processing Fee (@2%): Rs 10,000
Documentation Charges: 400
Amortization Schedule charges: 150
Total cost of the loan: Rs 8,91,090

Our Lending Partners:
KrazyBee Services Private Limited
EarlySalary Services private Limited

*Please note the processing fee can vary from 1.5% - 6%. The figures provided are indicative and subject to change from time.
* However, in case of change of payment mode or any delay or non-payment of EMIs, additional charges / penal charges may also be applicable, depending on the lender's policy
Credit Card
With the IndiaLends app, get credit card suggestions from 40+ options and select the credit card that best suits you. Some of the credit card providers associated with us are ICICI Bank, HDFC Bank, American Express, SBI, Kotak Mahindra Bank, Citibank, RBL and Yes Bank.
Free Credit score / Cibil Score
At IndiaLends app, check your free Credit Score / Cibil Score worth ₹1200 and get a detailed analysis of your credit report / Cibil Report and tips to improve your score. Our latest feature allows you to refresh your credit report and know why your credit score has changed.
EMI Calculator
The simple and handy loan EMI calculator lets you easily calculate EMIs. All you need to do is enter the loan amount, interest rate and loan tenure, and you will know the convenient and easy EMIs basis the inputs entered.",https://ilpolicy.indialends.com/privacy-policy.html,4.2737417,"5,000,000+",0
com.nextbillion.groww,"Groww Stocks, Mutual Fund, IPO","Groww: Demat, Invest & Trade, Gold, Silver, Loans","<b><font color=""#00D09C"">Groww</font></b> is India's No.1 Stock Broker 🏆, trusted by 4 Crore+ Indians. Open a free demat account and start investing & trading.

<b>🚀Groww is your one app to invest & trade in:</b>
👉<b>Stocks</b>
👉<b>Mutual Funds</b>
👉<b>Futures and Options Trading (F&O)</b>
👉<b>Gold and Silver</b>
👉<b>Margin Trading Facility (MTF)</b>
👉<b>Commodity Derivatives: Gold, Silver, Crude Oil, Natural Gas and more</b>
👉<b>Exchange Traded Funds (ETFs)</b>
👉<b>IPO</b>
👉<b>Bonds</b>
👉<b>API Trading</b>

<b>Reasons why Indians love investing on Groww</b>
👉 Free demat account (Individual, HUF, Corporate)
👉 0 AMC & no hidden charges
👉 24*7 customer support

<b>⭐Stocks, ETFs, IPO, MTF & Intraday Trading</b>
• Open a free demat & trading account in minutes
• Buy & Sell stocks listed on NSE & BSE stock exchanges
• Boost trades with up to 5X leverage on Intraday Trading
• Auto-invest in Stocks & ETF with SIP
• Buy up to 4X more stocks with MTF (Margin Trading Facility)
• Explore fundamentals & financials of popular stocks like Angel One, 5Paisa Capital, Meesho, ICICI Pru, Vodafone Idea etc.
• Apply for upcoming stock market IPOs
• Trade using TradingView’s advanced charts
• Set alerts to track stock price movements for trading & investing decisions
• Trade smarter with Intraday Screener
• Set Target & Stoploss both with OCO order for Intraday Trading
• Get insights on your investing or trading portfolio’s performance, allocation, risk, dividends & XIRR with Portfolio Analysis

<b>⭐Mutual Funds Investing</b>
• Invest in direct mutual funds with 0% commission
• Estimate portfolio returns with SIP calculator
• Track all your Mutual Funds investments in ONE place - Import & Redeem external funds easily
• Save tax up to Rs.46,800 with Tax Saving Mutual Funds (ELSS funds)
• Invest money via SIP or lumpsum in Mutual Funds offered by AMCs like Zerodha, SBI, Quant, Parag Parikh, Bandhan, HDFC, Motilal Oswal, Axis, ICICI Mutual Fund etc.
• Switch from one fund to another within the same fund house, without having to redeem it

<b>⭐Futures & Options Trading (F&O)</b>
• Track Indian & Global Indices like NIFTY, SENSEX, NASDAQ, GIFT NIFTY, NIFTY MIDCAP, NIFTY NEXT 50 etc to make informed trading calls
• Trade better in Futures & Options with Safe Exit, Advanced Option Chain, Instant Pledge etc
• Use advanced charts to invest smarter & make informed futures & options trading calls
• Super-fast Options Trading with multiple indicators & live portfolio overview.
• Place Basket Orders with convenience during option trading
• Trade above freeze quantity in Options
• Test your strategy with Payoff Graph & trade with confidence in futures & options 
• Exit your F&O positions instantly in a click with Fast Exit

<b>⭐Commodity Derivatives Trading</b>
• Trade in Gold, Silver, Crude Oil, Natural Gas, Zinc, Aluminium & Copper
• Trades executed in under 0.05 seconds for a smooth experience
• Pledge your stock holdings to boost your margin and take larger positions

Personal Loans
• Tenure: 3 to 60 months
• APR: 13-48%

Registered NBFC (lenders)
• Groww CreditServ Technology Private Limited
• IDFC First Bank Ltd
• Kisetsu Saison Finance (India) Pvt Ltd

Groww is acting as the DLA for the above lenders.

Example:
Tenure-12 months
Rate of Interest-15% per annum
Processing fee-₹1000 (2% inclusive GST)
Total Interest-₹4156
EMI-₹4513
APR-18.89%
Amount Disbursed-₹49000
Total repayment amount-₹54156

Groww Invest Tech Pvt Ltd
SEBI Registration no: INZ000301838
Member Code: BSE-6699  NSE-90187, MCX- 57420
Segment/s: Cash & FNO (Equity & Commodity Derivatives)

Privacy policy: https://groww.in/privacy-policy
Groww’s registered office: Vaishnavi Tech Park, South Tower, 3rd floor, Sarjapur Main Road, Bengaluru, Karnataka-560103

Groww is India's No.1 Stock Broker in terms of active customers as per NSE data dated October 31, 2025.",https://groww.in/privacy-policy/,4.7675095,"100,000,000+",0
com.stashfin.android,"Stashfin UPI, Pay Bills, Loans",Stashfin,"Stashfin is India’s leading fintech platform that simplifies your relationship with finance. Trusted by 40 million+ users, Stashfin offers Credit Card Bill Payments, Instant UPI Money Transfers, 24K Digital Gold, Credit Health Reports, Corporate Bonds, Personal Loans, Insurance, and more. 

1. Credit Card Bill Payments
Win 24K gold worth upto ₹500 on every credit card bill payment
Manage multiple credit cards without switching between banking apps
Pay your bills via Stashfin UPI, BHIM UPI, PhonePe, GPay, or any other UPI app
Settle your credit card outstanding without logging into your bank’s portal
Get real-time reminders & updates on your credit card bill

30+ Credit Cards Supported on Stashfin 
HDFC Bank, SBI, Axis Bank, ICICI Bank, RBL Bank, Kotak Mahindra Bank, IndusInd Bank, IDFC First Bank, YES Bank, Bank of Baroda, AU Small Finance Bank, Federal Bank, Citi Bank, Standard Chartered Bank, SBM Bank India Limited, DBS Bank, South Indian Bank, HSBC Bank, and all VISA, Mastercard, RuPay, Diners Club, AMEX, and Discover cards

Utility Bill Payments & Recharge, powered by Bharat Connect
Never miss a due date for electricity, water, gas, & other essentials
Covers 300+ major national & regional service providers
Instant FASTag & mobile recharges for Jio, Airtel, Vi, BSNL or other networks

2. Money Transfer via UPI Payments
Send money using a UPI ID or mobile number
Link multiple SBI, HDFC, ICICI, Axis & 140+ other bank accounts & enjoy self-transfer
Scan QR code to pay merchants 
Split bills & other payments with friends 
Set up recurring payments for bills & subscriptions
Check transaction history & account balance in real time

3. 24K Digital Gold
Secure your savings in 24K gold
Start investing with just ₹10
Track gold rate in real time
Insured locker storage powered by Augmont
Flexibility to liquidate anytime
SIP or lump sum gold investment options

4. Credit Health Report & Credit Builder
Secure better loan & credit card offers with credit builder & repair
Get detailed reports & expert tips to boost credit score

5. Corporate Bond
Earn competitive returns of upto 14.8% p.a.
Start investing with just ₹10K
Get monthly interest directly to your bank account

6. Insurance 
Low-cost, high-impact insurance plans to secure your earnings
100% digital process with a user-friendly interface
Annual insurance plans starting at ₹4/day

7. Gift Vouchers
Exclusive offers on Amazon, Flipkart, Nykaa, Myntra & more
Save on Zomato, Zepto, Blinkit, Bigbasket, and other delivery apps
Deals for PVR INOX, Uber, MakeMyTrip, and others

8. Personal Loan
Get upto ₹5 Lakh at 0% interest for upto 30 days
Only pay interest on the funds you utilise
No collateral or assets are required as security
No branch visits needed. Just provide your PAN, Aadhaar, & a selfie
Zero foreclosure or prepayment charges
Apply anywhere, anytime via Stashfin app
Zero hidden charges 

Eligibility 

Qualification:
Age: 18 to 59 years.
Employment Status: Available for both salaried and self-employed individuals
Income: Minimum monthly income as per current policy
Credit Score: A credit score of 730 or above (exceptions may apply)

Tenure, Interest & Fees
Personal Loan Interest Rate: 0% interest for the first 30 days. 11.99%-36% interest rates apply thereafter
Platform Fees: 2.85% + 18% GST
Transaction Fees: 3% + 18% GST
Foreclosure Charges: NIL   
Annualised Percentage Rate or APR: 10% to 45%
Tenure: 0 - 42 months
We ensure transparency with clear ROI calculations & the following sample EMI calculations on personal loans:

Loan Amount: ₹40,000
Platform Fee (inc. 18% GST): ₹1,345
Transaction Fee (inc. 18% GST): ₹1,416
Interest Rate: 36% per annum
Total Loan Amount: ₹42,966
Tenure: 36 months
Equated Monthly Instalment (EMI): ₹1,968

Stashfin is a digital lending application (DLA) of Akara Capital Advisors Private Limited (NBFC) and other lending partners.

Contact us:
Email: grievance.officer@stashfin.com
Call: +91-9289108566",https://www.stashfin.com/privacy-policies,4.5601482,"10,000,000+",0
com.citrus.citruspay,LazyPay: Loan App & Pay Later,PayU Finance (India) Private Limited,"Get credit that’s easy, instant and stress-free. With LazyPay, you get a free credit limit upto Rs.10,000 that you can use across 45,000+ online stores and merchants! Just repay the total every 15 or 30 days, interest-free. 


Here’s what you can do on LazyPay:


🛒PayLater
Checkout on your favourite merchants in just one-tap! It’s completely free. No extra charges, no hidden fees. Shop, buy, spend from your credit limit and pay just one single bill every 15 days.
One-tap payments
No OTPs, CVVs or PINs
Repay just once every 15 days
No interest and no hidden charges


★ Get attractive discounts and offers on various merchants like Swiggy, Zomato, Myntra, Zepto and more.


★ A quick, simple KYC makes your experience a lot smoother. If you complete your KYC with us, you can increase your credit limit (upto as much as Rs. 5 lakhs), and get 30 days to repay your dues (that’s double the normal billing period!). In case you’re unable to pay your bill, you’ll also have options to repay your dues in EMIs.


🔌BillPay: Pay Utility Bills
With over 20,000+ supported billers, LazyPay allows you to pay utility bills with your credit limit. Pay electricity, gas, water bills in one-click; recharge FASTag, mobile postpaid, mobile prepaid, landline, DTH and more. Repay in one shot, along with your LazyPay dues, every 15 or 30 days.


🛞 Auto360 
Your all-in-one vehicle management hub. Now you can add your vehicle, track challans, stay ahead of PUC and insurance expiries. Also, renew your vehicle insurance seamlessly—all in one place.


🎁 GiftCards
Now you can purchase vouchers of over 200+ brands like Amazon, Myntra, Flipkart and more on the LazyPay app. Use them to avail discounts ranging upto 30% on your purchases, or share them with your loved ones!


⚡XpressLoan: Instant Personal Loans
LazyPay offers instant personal loans for all your needs, big or small. Get online loans within minutes and use it for anything you want - no questions asked. Our instant personal loans are cash loans where the lump sum amount is transferred to your bank account. The entire process is paperless and 100% digital, for your convenience.
Personal loan interest rates range from 12% to 36% p.a. with EMI tenures from 3 months upto 60 months.


XpressLoans range from Rs. 3,000 to Rs. 5 lakh with an Annual Repayment Period (APR) from 3 to 60 months. Percentage rate (APR) between 12% - 36% on a reducing balance basis.


★Sample EMI Calculation★
For a loan amount = Rs 10,000 | Tenure = 6 months @ interest rate of 18%* p.a.
EMI will be = Rs 1,755/- p.m.
Processing fee = Rs. 200
Total Payment = Rs. 10,730
*Interest rate and processing fee may vary.


★ Join over 20 lakh fellow Indians using the LazyPay app everyday to get instant personal loans, and make payments easily.
★ We believe in total transparency and data safety and security. All your information is safe with us.
★ Have questions? Reach out to us anytime at wecare@lazypay.in 


----------
Revolve rates - 36% to 42%. For Revolve there is no period for repayment. It's a monthly rolling feature.
Convert to EMI - 3 month 24% | 6 month 26% Tenure basis - 3 to 6 months.


Declaration
LazyPay is a platform that only facilitates money lending to duly registered NBFCs to users and complies with all applicable laws including RBI’s Fair Practices code. The details of the registered NBFCs who are partnered with us are mentioned below.
PayU Finance India Private Limited (“PayU Finance”)
https://www.payufin.in/",https://secure.lazypay.in/mobile/privacy-policy,4.538719,"10,000,000+",0
com.branch_international.branch.branch_demo_android,Branch Instant Personal Loan,Branch International Financial Services Limited,"Trusted by 5 CR+ Indians, Branch is a personal loan app that gets you an instant loan up to ₹5,00,000 in your bank in 2 minutes, 100% online, zero paperwork. Branch is an RBI-registered NBFC, and our personal loan app has no hidden charges. Need to borrow money instantly? This loan app is built for it. Borrow money instantly, repay flexibly.
 
Whether you need ₹2,000 for the week or ₹5,00,000 for something life-changing, Branch is the loan app personal borrowers across India trust. As a loan app personal users return to, Branch matches every need. As the loan app personal customers recommend most, we keep things simple. No other personal loan app in India matches Branch. You pick the loan amount and tenure - a true personal loan app experience. Try the instant personal loan app millions choose. The personal loan app you can trust, every time.
 
🏆 WHY MILLIONS CHOOSE THIS LOAN APP
✅ Instant loan amounts: up to ₹5,00,000
✅ Tenure: 4 - 24 months
✅ Interest rate: 12% - 66% p.a.
✅ APR: 20% - 50%*
✅ 100% paperless instant loan online app
✅ Money in your account in 2 minutes
✅ Quick credit score check, no CIBIL score hassle for many users
✅ RBI-regulated lending, fully transparent
 
Branch is a fast loan app instant cash advance for genuine personal needs - not a loan app instant cash advance for gambling. Use this loan app instant cash advance responsibly. The instant loan online app you can rely on - the loan app personal users keep open.
 
GET YOUR INSTANT LOAN IN 3 STEPS
1️⃣ Download this loan app and register with your mobile number
2️⃣ Enter PAN, get a personal loan app offer in minutes. We assess your credit score and CIBIL score instantly
3️⃣ Accept your loan and money hits your account fast - how a real instant loan online app works
 
REPRESENTATIVE EXAMPLE
✔ Loan amount: ₹1,40,000
✔ Tenure: 24 months
✔ Interest rate: 27.01% p.a.
✔ Processing fee + GST: ₹3,304
✔ Monthly EMI: ₹7,614
✔ APR: 29.59%
APR = interest rate + processing fee + all charges. Actual EMI and rate depend on your credit profile, credit score, CIBIL score, and loan amount. All charges shown upfront. No hidden fees.
 
🛡️ CUSTOMER SAFETY
- Reminders only via registered channels, never personal, foreign or VOIP numbers
- Repayments only via the Branch loan app, never to personal accounts
- Collection follows RBI guidelines and is fully monitored
- SMS data used only to assess creditworthiness, credit score, and CIBIL score - never shared
 
USE THIS PERSONAL LOAN APP FOR WHAT MATTERS
🏥 Medical - hospital, pharmacy
🎓 Education - tuition, courses
✈️ Travel - flights, bookings
💍 Wedding - venue, catering
🛠️ Home repair - appliances, furniture
📱 Electronics - smartphone, laptop
💼 Business - stock, working capital
🆘 Emergency - borrow money instantly when life demands it
 
ELIGIBILITY
✔ Indian citizen, 18+
✔ Valid PAN card
✔ Active bank account
✔ Smartphone, internet
No salary slip. No collateral. A clean credit score helps, but each CIBIL score is reviewed holistically.
 
LENDING PARTNERS
🏦 Hari and Company Investments Madras Private Limited (formerly Vivriti Capital Limited)
🏦 Northern Arc Capital Ltd.
🏦 InCred Financial Services Limited
 
🌐 LANGUAGES
English and Hindi - instant loan in your language.
 
🔐 MEMBERSHIPS
🏛️ DLAI - Digital Lenders Association of India
🏛️ FACE - Fintech Association for Consumer Empowerment
 
ABOUT BRANCH
Operated by Branch International Financial Services Private Limited, an RBI-registered NBFC, founded by Matt Flannery. Responsible, ethical digital lending in full RBI compliance. Your credit score and CIBIL score stay private, end-to-end encrypted.
 
Need to borrow money instantly? Download the Branch loan app today.
 
Contact
📞 +91 86559 37429
📧 india@branch.co
💬 Or chat in the app",https://branch.co/pp,4.598577,"50,000,000+",0
com.sbi.lotusintouch,YONO SBI: Banking & Lifestyle,State Bank of India,"Introducing the all-new YONO SBI—your smarter, faster, and smoother way to the Bank. Explore products with ease, use seamless UPI and quick-pay options, fund your account instantly, and enjoy effortless domestic and international transfers. Benefit from upgraded loyalty rewards, personalized offers, and stronger security with easy lock/unlock controls. Experience an intuitive, effortless approach to managing your finances anytime, anywhere.

What’s New in YONO SBI

• Smoother Product Access: Explore and apply for banking products, investments, and loans with a simpler, unified experience.
• Enhanced Payment Solutions: Simplified UPI, quick pay, and new autopay options for smoother transactions.
• Instant Account Funding: Fund your account instantly after opening and start transacting right away.
• Smarter Transfers: Improved domestic and international fund transfer features.
• Personal Finance Insights: Insightful financial management with spend analysis and smart recommendations.
• Loyalty & Benefits: Revamped multi-tier loyalty program with exclusive offers and privileges.
• Financial Fitness: New credit score simulator to monitor and improve your credit health.
• Secure Banking: Lock/unlock your accounts or cards anytime for extra safety.

Top Features:

• All-in-one digital banking app for payments, savings, investments, and loans.
• Simple account opening with instant activation.
• Effortless bill payments, auto reminders, and budget tracking.
• Apply for credit cards, mutual funds, and insurance directly from the app.
• 24x7 access to manage funds, monitor spending, and plan your finances.
• We are facilitating our New Bank Customers and Existing Customers to open a new account via a KYC Process and that requires uploading necessary documents available on device & download the addition documents during the process, hence we need this permission.",https://www.onlinesbi.sbi/sbijava/Privacy_Statement.html,4.2201624,"100,000,000+",0
com.csam.icici.bank.imobile,"iMobile: Loan, Cards & Banking",ICICI Bank Ltd.,"iMobile is ICICI Bank’s official Mobile Banking app that offers 400+ banking services.

It is accessible to both ICICI Bank customers & non-ICICI Bank customers for availing Loans, managing Savings Accounts, transferring funds, managing Cards, and investments. iMobile brings the power of Net Banking to your fingertips!

iMobile offers: 

📍Instant Loans such as Personal Loans, Home Loans, Car Loans and more 
📍Online Digital Savings Account
📍Apply for Credit Cards
📍Open Fixed Deposits(FDs), Recurring Deposits (RDs) or iWish Deposits
📍Scan QR Codes for easy UPI Payments 
📍Hassle- free utility & electricity bill payments
📍Instant online mobile recharge, DTH service, and FASTag recharge.
📍Flight, train, and hotels bookings

With iMobile, you can enjoy the following benefits:

✔ Pre-approved RuPay credit cards:

RuPay Credit Card provide instant access to RuPay benefits, allowing seamless payments and UPI transactions.

✔ Manage multiple cards: 

Through iMobile, you can manage multiple Cards such as Debit cards, Credit Cards, and Forex Cards. You can also pay Credit Card bills for other banks, by scheduling reminders for due dates.

✔ Investment made simple:

iMobile offers a hassle-free solution for investing and stock marketing. You can also invest in various Mutual Fund schemes, without opening a Demat Account.

✔ iScore & Discover: 

Use the 'Discover' feature on iMobile to review your income and expenses. The 'Budget' feature helps you create and manage a budget, allowing you to practice financial discipline.

✔ iFinance: All your bank accounts at one place:

With iFinance, experience a new and innovative way to view all your Bank Accounts in one place. Review your income and expenses, easily.

✔ Unlock your rewards & personalized offers:

Earn Reward Points and avail of exclusive offers by conducting transactions or paying utility bills through your Credit Card.

✔ Customized notification: 

Get updates regarding your bills, Cards, Loans, Bank Accounts and more.

✔ SmartLock: 

Control access to banking services such as Net Banking, UPI, and Credit and Debit Cards in one swipe.

✔ Global UPI: 

NRI customers can conduct UPI payments with their international mobile number.

✔ Chatbot assistance: 

Enjoy 24x7 chatbot assistance with iPal.

Personal Loan highlights:
 
● Loan Amount: Min (₹25,000/-) to Max (as per the eligibility)*.
● Repayment Tenure: 12 months to 72 months*. 
● Rate of Interest starting from 10.80% p.a.p.m*
● Processing Fees starting from Rs. 3,999*

For Example: For an amount of ₹5 Lakh borrowed at an Interest Rate of 11.00% for 60 months, the payable amount would be : ₹10,817 p.m.

The total amount to be repaid after 5 years will be ₹ 6,52,273/- out of which the interest amount would be ₹1,52,273/-

*Note: Terms and Conditions apply.                                                                                  

Other offerings by ICICI’s iMobile : Forex Prepaid Cards, Companion Cards, SIPs, IPO Applications, Tap to Pay, Scan to Pay, Pay to Contact, PPF(Public Provident Fund), NPS(National Pension System), Gold Loan, Sovereign Gold Bonds, Term Life Insurance, Cancer Cover, Health/Travel/Motor Cover, 24 hours Top Up, PayLater.

Pre-approved Loans: Home Loan Balance Transfer, Education Loan, Loan against Property, Commercial Property Loan, Consumer EMI, Consumer EMI, Home Loan Overdraft, Insta FlexiCash Loan, Personal Loan on Credit Card.

For any feedback, queries or issues pertaining to iMobile App, please write to imobileapps@icicibank.com",https://www.icici.bank.in/privacy.page,4.583374,"50,000,000+",0
com.kotak811mobilebankingapp.instantsavingsupiscanandpayrecharge,Kotak Bank: 811 Mobile App,Kotak Mahindra Bank Ltd.,"Experience Seamless Banking with the Kotak811 Mobile Banking App.

Apply for a zero-balance account online and enjoy banking from your smartphone. With the Kotak811 app, you can open a bank account, manage savings, make UPI payments, invest in fixed deposits, and much more.
Download the Kotak811 app now to experience the best in digital banking.

Key Features of the Kotak811 Mobile Banking App:
• Open an Account in Minutes: Complete an easy, end-to-end digital account opening procedure. Kotak811 enables instant zero balance account opening without typical banking hurdles.
• Smart Banking at Your Fingertips: Track expenses and manage your savings account, enjoy a premium banking experience anytime, anywhere.
• Transaction Privacy: Hide selected transactions from your bank statements.
• UPI Payments Made Easy: A comprehensive UPI solution for registration and secure online payments.
• Fixed Deposits & Recurring Deposits Simplified: Open and manage FD and RD accounts with competitive deposit rates and flexible tenures.
• Personal Loans: Apply for personal loans with competitive rates and minimal documentation.
• Credit Cards: Manage your Kotak Credit Cards, track spending, make payments, and unlock exclusive rewards.
• Rewards & Cashback: Earn rewards & cashback on transactions.
• Investment: Invest in mutual funds and purchase insurance through the app.
• A/c Monitoring: View bank statements and check balances instantly.
• Secure Mobile Banking: Use biometric login and encryption for secure access.

Why Choose Kotak811?
• Zero balance account application completed online in minutes—completely paperless.
• Streamlined digital experience for faster banking access.
• A trusted platform to apply for and manage savings accounts.
• Convenient fixed deposit management through a single app.

• Integrated net banking with advanced UPI features for all needs.

Recent Kotak811 & Kotak Mahindra Bank Achievements (2024–2026)

Kotak Mahindra Bank and its digital platform, Kotak811, continue to earn recognition across the global banking landscape:
• Global App Popularity (2025): Kotak811 emerged as the third-most downloaded banking app worldwide in the first half of 2025.
• Best Private Sector Bank (2024): Kotak Mahindra Bank was awarded Best Private Sector Bank at the 17th Financial Express Best Banks Awards for the 2023–24 period.
• Digital Innovation Leadership (2025): The bank was honoured as Digital Private Bank of the Year – India at The Asset Triple A Digital Awards 2025.

Additional Highlights:
• Easy application for zero balance accounts.
• One-stop solution for UPI payments, fixed deposit management, and more.
• Trusted by millions for secure mobile banking app and UPI services.

Stay Ahead with Kotak811
The Kotak811 app is designed to make banking faster and convenient. Whether you want to open a savings account, explore fixed deposit options, or use advanced UPI services, Kotak811 brings everything to your fingertips.

FAQs About Kotak811 App:
• Can I open an account instantly? 
Yes, apply within minutes. Our representative visits for verification within 24 hours.
• Benefits of a zero-balance a/c
It eliminates minimum balance requirements.
• Is it safe to use UPI? 
Yes. Kotak811 uses advanced encryption and biometric security.
• Can I invest in fixed deposit?
Yes, open Kotak811 A/c & book FD via Kotak811 App

Download the Kotak811 App Today
Start your digital banking journey with Kotak811.
Open your bank account now & unlock financial possibilities with superior UPI and fixed deposit features!

Disclaimer: Mutual fund investments are subject to market risks, read all scheme-related documents before investing. T&C Apply.
₹250 Amazon gift voucher campaign T&C – 
https://images.kotak.bank.in/bank/mailers/2026/files/Kotak811_Common_T&C.pdf

Credit Card issuance & disbursal of loan is at the sole discretion of Kotak Mahindra Bank.",https://www.kotak.com/en/privacy-policy.html,4.689295,"50,000,000+",0
com.bankofbaroda.mconnect,bob World:Banking & Experience,Bank of Baroda,"We unveil to you a new world of endless possibilities which has grown from a smaller to a bigger passion encompassing an all new digital experience. From the Best technology bank 2021*, presenting to you bob World, the official Bank of Baroda’s Mobile Banking application (erstwhile known as M-Connect Plus).

bob World has been crafted intuitively for a seamless, delightful, contactless and effortless experience with 240+ services, all that you have to do is to sit back and experience the joy of banking for your 360° banking needs.

bob World - A World that is in tune with your World:

● Enhanced User experience with state-of-the-art design
● Open B3 digital savings account instantly with Video Know Your Customer (KYC) procedure & say bye to branch visits
● Refer, Earn & invite friends into your world of banking
● Enjoy a bouquet of benefits under bob world benefits program
● Secure app with dual PIN for login & transaction
● Bank-from-home with the all-in-One App at your fingertips
● Convenient user experience for senior citizens with new persona through bob World Gold

Save - Your world of savings & rewards:

● Save intelligently by tracking your expenses with our spend analyzer
● Transact with confidence as we have zero hidden cost
● Take control by managing your debit cards efficiently

Invest - Your world of investment on-the-go:

● Take informed investment decisions with Baroda Wealth- your one-stop Wealth Management solution
● Invest in Government schemes such as PPF, SSA, APY in a single click
● Insure yourself affordably & secure your family with PMJJBY & PMSBY
● Apply for IPO with most convenient and hassle free process
● Open instant Demat account and start invest.

Borrow - Your world of hassle-free loans:

● It's time to turn your dreams into reality with Digital loans #DilseDigital
● A bouquet of products such as Home, Car, Personal, Mudra, MSME, Loan against FD/RD, Micro- Personal Loans
● Check your Credit Score, EMI calculator

Shop & Pay - Your world of secure shopping:

● Travel solutions such as Bus, Flight & Hotel Booking to make your trips more memorable
● Compare & shop merchandise - We help you choose the best deal
● Bill & Recharge Payments at your convenience
● No need to use multiple UPI payment apps when you have bob World

*Adjudged as “Best Technology Bank of the Year” amongst large banks, by an eminent jury of IBA Annual Banking Technology Awards",https://www.bobworld.com/privacy-policy,4.3267527,"50,000,000+",0
com.canarabank.mobility,Canara ai1- Mobile Banking App,CANARA BANK,"Canara ai1 is the Mobile Banking Super App with more than 300 features integrated with the futuristic vision of “One Bank, One App”.  

An intuitive app with enhanced User Interface & User Experience, “Canara ai1” Mobile Banking Super App offers a host of customer centric functionalities such as multi-mode funds transfer viz. UPI, RTGS,NEFT & IMPS, Fixed and Recurring Deposit opening, Fastag Recharge, Pay EMI / loans, Lockers, Insurance, scheduled payments, Nomination, Integrated Bill Pay, Integrated UPI etc., as additional features.

The app gives unique experience by providing option to customize the dashboard and choose the application theme of user choice (light/dark). App also features SCAN & PAY facility in the pre login screen. 

Canara ai1 Features:

1. Fund Transfer using IMPS, UPI, RTGS & NEFT.
2. Invest in Fixed Deposits & build wealth.
3. Start Recurring Deposits & meet your goals.
4. Add Nominee & care for your loved ones.
5. Pay EMIs/Repay Loans.
6. Schedule payments on your own. 
7.  View Balance in a click & download statement.
8. Compare & Shop.
9. Apply for IPO (ASBA).
10. Insurance & Demat .
11.  Public Provident Fund (PPF), Sukanya Samriddhi Yojana, Senior Citizen Saving Scheme.  
12. Manage Debit & Credit Cards.
13. Block/Unblock Financial Transaction facility.
14. Bharat Bill Payment.
15. Check Credit Score.
16. UPI  
17. Scan & Pay facility in Pre & Post Login.
18. Hotel, Bus, Cab & Flight Booking.
19. Register & track Complaints.
20. Block Internet Banking Usage
21. Apply for Locker
22. Link RuPay Credit Card

For feedback and suggestions, email us at hoditmb@canarabank.com https://canarabank.com or call us on 1800 1030

Steps to install:

1. Install Canara ai1 mobile app.
2. After successful installation open app by clicking new Canara ai1 icon.
3. Click on next button to continue after selecting the SIM having Registered Mobile Number with the Bank.  SMS will be initiated from the selected SIM; Ensure balance is available to send the SMS successfully.
4. After successful Mobile Number validation, an OTP will be sent to your Registered Mobile Number. 
5. Enter the OTP received and continue.
6. You will be redirected to create and confirm your 5 digits numeric PASSCODE for login to the application.
7. Accept the Terms & Conditions after successfully creating the PASSCODE.
8. Grant the permissions requested during the registration process to access all application features.
9. Before initiating any mobile Banking transactions, you need to create and confirm new 6 digits numeric MPIN for authenticating transactions.
10. Click on ‘SET NOW’ to activate your Mobile Banking facility using active Debit Card details/Aadhaar/Activation code (Visit home branch for generating the activation code).

Welcome, you’re all set to explore the new Canara Bank Mobile Banking Super App, Canara ai1.

""Together We Can""",https://canarabank.bank.in/pages/privacy-policy%20of-canara-ai1-mobile-banking-app,4.4075856,"50,000,000+",0
money.jupiter,"Jupiter: Cards, UPI, Banking",Amica Financial Technologies Private Limited,"Jupiter Money is India’s most-loved financial wellness app, trusted by more than 30 Lakh Indians.

<b>Earn ₹50,000+ every year with a lifetime free credit card</b>
→ Get the Edge+ CSB Bank RuPay Credit Card, exclusively on Jupiter
→ Lifetime free credit card with no annual fee
→ 10% cashback on shopping brands like Amazon, Myntra, Flipkart and more
→ 5% cashback on travel brands like MakeMyTrip, Yatra, and more 
→ 1% cashback on all other UPI and credit card spends
→ Scan any QR & pay with this UPI credit card
→ Get up to ₹7,00,000 credit limit

<b>Already have a RuPay Credit Card? Link it on Jupiter for up to 2% assured cashback!</b>

<b>Earn 1% Rewards on your spends* with UPI payments & Debit Card </b>
→ Fast & secure UPI payments with BHIM UPI
→ Track expenses with spend categories
→ Your money is insured up to Rs. 5 Lakh by DICGC

<b>Always stay in control of your money</b>
→ Track all bank accounts in 1 place
→ Set a monthly Budget to reduce overspending 
→ Get regular bill reminders to improve your credit score

<b>Upgrade to the most rewarding corporate Salary Account online:</b>
→ Earn up to 1% cashback on spends*
→ Get Mini Loans up to Rs. 50,000 at 0% interest 
→ Save up to ₹3500 every month on Forex charges

<b>Mutual Funds on Jupiter: The smarter way to invest online!</b>
→ Earn up to 1.5% extra returns with 0-commission Direct Mutual Funds
→ Invest once, or auto-invest daily, weekly, or monthly
→ Start small with No-Penalty SIPs starting at just ₹100

<b>24K 99.99% Purest Digital Gold on Jupiter</b>
→ Buy & sell anytime
→ Invest once, or auto-save daily, weekly, or monthly

<b>Jupiter Money collaborates with various lending partners to offer instant personal loans through its digital lending platform.</b>
→ Get a Mini Loan up to Rs. 50,000
→ Get a Personal Loan up to Rs. 5 Lakh
→ Track your Loans and never miss an EMI payment

Lending partners:
Amica Finance Pvt Ltd (AFPL)
Kisetsu Saison Finance (India) Pvt.Ltd (Credit Saison India)

> The minimum period for Personal Loan repayment is 3 months. The maximum period for Personal Loan repayment is 36 months.

Annual Interest rate (monthly reducing rate): 15-30%
Maximum APR on Personal Loan: Up to 65.91%

The APR is calculated using several factors such as the principal amount, return on investment, processing fee, and the tenure of the loan.

> Example:
Loan amount: Rs. 1,00,000
Interest - 16% p.a
Tenure - 12 months
Processing Fee - Rs. 2,360 (Including GST)
Disbursal amount - Rs. 97,640
EMI - Rs. 9,073
Total Interest - Rs. 8,877
Total amount payable - Rs. 1,08,877

For queries & support: <b>support@jupiter.money</b>

Jupiter uses the following permissions to secure your account:
Location: To detect any suspicious activity in your account (required by NPCI for UPI transactions)
Contacts: To help securely send money to friends and family with UPI
Camera: To scan QR codes and to verify your identity with a photo
Phone: To link your number to your account on Jupiter
Send and read SMS: To verify your number, register UPI, and help track transactions and bill payments

Disclaimers:
Jupiter is a marketplace which offers different products including loans, investment, co-branded cards in partnership with the different regulated entities. Jupiter itself is not a bank and doesn't hold or claim to hold a banking license. The Savings Account, Fixed Deposit, co-branded VISA debit and credit card are issued by Federal Bank. All funds in the account are insured up to approved limits by DICGC.
The Edge+ CSB Bank Credit Card is issued by CSB Bank, a scheduled commercial bank, under a cobranded arrangement with Europa Neo Marketing Pvt Ltd. The card is available exclusively on the Jupiter app. Cashback depends on spend patterns, category-wise rates, and merchant eligibility. Users can earn ₹50,000+ annually. 1% cashback on ‘Others’ is uncapped. Fees and charges may apply. UPI via RuPay is subject to NPCI guidelines and merchant acceptance.",https://jupiter.money/privacy-policy-detail/,4.3190656,"10,000,000+",0
com.dreamplug.androidapp,"CRED: Credit Cards, Bills, UPI",Dreamplug Technologies Private Limited,"CRED is a members-only app for all payment experiences.
Trusted by over 1.4Cr+ creditworthy members, CRED rewards you for the good financial decisions you make.

What payments can you make on CRED?
→ Credit card bills: Check & manage credit cards without multiple credit card apps.
→  Online payments: Pay via UPI or credit card on Swiggy, Myntra & more.
→  Offline payments: Scan QR codes or Tap to Pay for contactless payments.
→  Pay anyone: Send money to anyone through CRED, even if they use BHIM UPI, PhonePe, GPay or any other UPI app.
→  Transfer money to bank accounts: Send rent or education fees from your credit card. 
→  Autopay: Set up UPI autopay for recurring bills.
→  Pay bills: Pay utility bills, credit card bills, DTH bills, mobile recharge, house/office rent, and more. Get automatic bill reminders so you never miss a due.

What comes with your CRED membership:
Manage multiple credit cards easily
Track your credit score & bank balance
Spot hidden charges & duplicate spends
Get smart statements for better insights
Unlock exclusive rewards & privileges

Bills you can pay using credit card or UPI:
Rent: Pay your house rent, maintenance, office rental, security deposit, brokerage, etc.
Education: College fees, school fees, tuition fees, etc.
Telecom Bills: Recharge your Airtel, Vodafone, Vi, Jio, Tata Sky, DishTV, prepaid or postpaid connections, broadband, cable TV, etc.
Utility Bills: Electricity bill, LPG cylinder, water, municipal tax, piped gas bill payment online, etc.
Other Bills like FASTag recharge, insurance premium, loan repayment, etc.

How to be a CRED member?

→ To become a CRED member, you need a credit score of 750+
→ Download CRED, enter your details, and get a free credit score report
→ If your credit score is 750+, verify your credit card details and become a member

Manage your credit score with CRED:
▪️ Credit score is more than a number, it indicates your financial health
▪️ Keep a tab of your past scores and track your present one
▪️ See the factors affecting your CIBIL score
▪️ Make predictions based on foresight & improve your CIBIL score
▪️ Every credit information is encrypted, monitored and protected

Credit Cards supported on CRED: 
HDFC Bank, SBI, Axis Bank, ICICI Bank, RBL Bank, Kotak Mahindra Bank, IndusInd Bank, IDFC First Bank, YES Bank, Bank of Baroda, AU SMALL FINANCE BANK, Federal Bank, Citi Bank, Standard Chartered Bank, SBM BANK INDIA LIMITED, DBS Bank, South Indian Bank, HSBC Bank, all VISA, Mastercard, RuPay, Diners Club, AMEX, Discover credit cards.

• DTPL acts as a Lending Service Provider (LSP)
• CRED app acts as a Digital Lending App (DLA)

Personal loans eligibility criteria
* Age: 21- 60 years
* Annual household income: ₹3,00,000
* Should be a resident of India
* Loan Amount: ₹100 to ₹20,00,000
* Repayment Tenure: 1 Month to 84 Months

Loan against mutual fund eligibility criteria: 
* Age: 18-65 years, Mutual Fund Investment: Min. ₹2000 Portfolio, *Subject to Lender Policy, Should be a resident of India
* Loan Amount: ₹1000 to ₹50,00,000
* Repayment Tenure: 1 Month to 60 Months

Annual Percentage Rate (APR): 9.5% to 45%

Example:
If you borrow ₹5,00,000 for 3 years at 20% p.a.
EMI: ₹18,582 | Processing Fee: ₹17,700
Total Payable: ₹6,68,945 | Total Cost: ₹1,86,645
Effective APR: 21.92%

CRED flash: pay at partner merchants now and repay later, as per lender-approved limits, fees, and KFS terms.

Lending partners on CRED:
IDFC First Bank Limited, Crédit Saison - Kisetsu Saison Finance (India) Private Limited, Liquiloans - NDX P2P Private Limited, Vivriti Capital Pvt Ltd, DBS Bank India Limited, Newtap Finance Pvt. Ltd, L&T Finance Limited, YES BANK Limited, DSP Finance Pvt Limited, Poonawalla Fincorp Limited, KrazyBee Services Limited.

Have things on your mind? Contact us at feedback@cred.club.

Grievance Officer: Atul Kumar Patro
grievanceofficer@cred.club 

Send money via UPI, clear all your bills, improve your credit score & earn rewards with CRED. Download now.",https://www.cred.club/privacy,4.7650833,"50,000,000+",0
in.amazon.mShop.android.shopping,"Amazon India Shop, Pay, miniTV",Amazon Mobile LLC,"With the Amazon app, shop online and pay across a wide selection of products, groceries and categories at great prices, within a single shopping app. Shop mobiles, electronics, fashion, household items & more with the online shopping app. Pay for flights, bills and make payments easier with Amazon Pay, and conveniently order your groceries for home delivery with Pantry and Amazon Fresh. Watch entertaining videos across genres (comedy, tech, beauty and more) for free on miniTV. Speak to shop - Tap the mic icon to use Alexa on the app. Play games and win prizes every day.
<b>Online Shopping Store</b>
Free online shopping app assures you of a great shopping experience, with a wide selection of products and clothes from brands across categories, including:
<i>Electronics</i>
· Shop for deals on the latest phones: Samsung Galaxy, Redmi, Apple iPhone, OnePlus & more
· Phone accessories
· Laptops
· TVs & more
<i>Fashion for all occasions - Shop online for Men’s, Women’s & kids' clothes:</i>
· Shirts
· Sarees & dresses
· Watches, Handbags & jewellery
· Shoes
<i>Beauty - Shop for cosmetics</i>
· Perfumes
· Make up
· Hair-care
<i>Media</i>
· Books
· Music
· Video games
<i>Home & Kitchen:</i>
· Cookware & Tableware
· Decor, Furnishing & Cleaning
· Appliances (Refrigerators, Washing Machines etc)
<b>App Features</b>
· Easily browse & search for products by name, category, or brand, at the best prices
· Quick delivery times
· Updated order tracking
· Get notified on the latest offers & deals
· Hassle free returns and replacements
· Convenient and secure payment options, including cash on delivery, bill payments, money transfer, Amazon Pay, Credit/Debit Card, UPI, EMI or Net Banking.
· Safe & secure shopping, with 100% purchase protection offered by Amazon’s A-to-Z Guarantee for safe payments & transactions
· 24/7 customer service support
<b>Amazon Pay</b>
· <i>Payments made easier</i>: Send money & quick payments to friends & family with Amazon Pay UPI easily through your phone contacts or invite them to send money from your Indian bank account and earn rewards.
· <i>Pay on delivery</i>: Load cash instantly into your Amazon Pay wallet at your doorstep and enjoy the convenience of one-click easy payments, faster refunds and no hassle of finding exact change
· <i>UPI</i>:Make faster & safer online payments with Amazon Pay UPI and pay directly from your bank account for online shopping, recharges, bill payments; including mobile phone, gas & electricity, flight bookings & more.
Amazon Pay is safe, secure and supported by govt. of India.
<b>Amazon miniTV</b>
Amazon miniTV is a free video streaming service offering original web series, short films, comedy videos & more. It’s a one-stop destination for unlimited entertainment with content curated for Indian customers.
· Create your watchlist
· Easily continue watching where you last left off
· Free video with minimum ads
· Stream exclusive web series & watch miniMovies
<b>Unbeatable savings on Amazon Fresh, Pantry and Groceries</b>
· Order food & groceries online for home delivery, from vegetables, cooking essentials & snacks, to beverages, packaged foods, household & personal care items.
· Enjoy benefit of 1-day & scheduled online grocery delivery
<b>Amazon Prime</b>
Get guaranteed free 1-Day, 2-Day or standard delivery on eligible items, 30-minute early access to top Lightning deals & watch the latest & exclusive movies and TV shows on Prime Video.
#-T&C apply
<b>Permissions</b>
In order to offer you the best experience and operate properly, the Amazon Shopping App needs access to the following services:
* Account: Account permissions are needed for integration with Facebook & other social media network you have connected to your device to allow you to share products with family & friends
* Accessibility: Allows the Amazon app to help you automatically find product matches from Amazon while you shop across the web",http://www.amazon.in/privacy,4.197205,"500,000,000+",0
com.google.android.apps.nbu.paisa.user,Google Pay: Secure UPI payment,Google LLC,"Join crores of Indians who are using Google Pay for all their payment needs. Google Pay is a simple and secure payments app by Google. Refer friends, get offers and earn rewards as you pay.

All you need to do is link your bank account on this app with your registered mobile number and start the experience.

UPI ID is a unique ID that is used to make UPI payments in place of bank account details.

UPI PIN is a 4 or 6 digit number which needs to be set by you while creating your UPI ID. Please don’t share your PIN.

<b>+ Multiple layers of security from your bank and Google</b>
Your hard-earned money is kept safely in your bank account and you have control over money leaving your bank account*. With a world-class security system that helps detect fraud and hacking, we are committed to keeping your money safe and we work with your bank to protect your payment information.

Each transaction is secured with your UPI PIN, and you can safeguard your account with a device lock method such as your fingerprint.

<i>*Google Pay works with all banks in India that support BHIM UPI.</i>

<b>+ Conveniently pay DTH, broadband, electricity, FASTag, LPG bills and more</b>
Link your biller accounts once, we remind you thereon to pay your bill with just a few taps. Google Pay works with billers across the country.

<b>+ Find the latest prepaid recharge plans and easily recharge your mobile</b>
Recharge in fewer steps and at zero extra charges. 

<b>+ Check your bank account balance</b>
No need to visit the ATM to see your bank balance, quickly view it anytime, easily.

<b>+ Get rewarded</b>
Refer friends, get offers and earn cash rewards into your bank account as you pay.

<b>+ QR code payments</b>
Pay through the QR code scanner at your favorite offline shops and merchants.

<b>+ Book tickets, shop online and order meals</b>
Order your favorite food and book your travel within the app or on partner websites and apps like Zomato, redBus, MakeMyTrip etc.

<b>+ Fast & secure payments with your debit and credit cards</b>
Add and link your debit and credit cards** on Google Pay and use them for:
- Online payments (mobile recharges or with online apps) 
- Offline payments (at offline shops by tapping your phone on NFC terminals)

<i>**Service is rolling out across bank issuers and card network providers.</i>

<b>+ Buy, sell, and earn 24K Gold</b>
Trade gold securely with rates backed by MMTC-PAMP. Gold is securely deposited in your Gold Locker on Google Pay, or delivered as gold coins to your home. New! You can now earn gold as Google Pay rewards.

<b>+ Send money directly from your bank account to any bank account, including those who are not on Google Pay, via UPI transfers</b>
Using NPCI's (National Payments Corporation of India) BHIM Unified Payments Interface (BHIM UPI), money transfers are simple & secure with Google Pay.

<b>+ Provide loans</b>
 - Lenders: Aditya Birla Finance Limited, Axis Bank, Bajaj Finance Limited, DMI Finance
",http://www.google.com/policies/privacy,4.3229384,"1,000,000,000+",0
com.piramal.app.pchf,Piramal Finance - Loans & More,Piramal Finance LTD,"Piramal Finance is a leading NBFC registered with the Reserve Bank of India (RBI). 

Managing money should feel simple, clear, and in your control. The Piramal Finance app helps you discover the right loan, understand what you’re eligible for, and plan your repayments comfortably so you can move ahead with confidence. 

Through the app, you can explore a wide range of loan products, including Home Loans, Business Loans, Instant Personal Loans, and Used Car Loans. All are designed to meet different needs at different stages of life. 

You can also check your credit score for free, calculate EMIs, use loan eligibility tools, and access helpful content that supports better financial decisions. 

Download the Piramal Finance app and make every financial step easier. 

WHAT YOU CAN DO ON THE APP? 

• Apply for loans digitally with minimal documentation 
• Check your credit score for free 
• Use EMI and loan eligibility calculators 
• Access helpful information to make informed financial decisions 
• Track your loan journey securely 

HOME LOANS 

Buying your home doesn’t have to feel complicated. With a Piramal Finance Home Loan, you can move closer to your dream with confidence. 

Key Features 
• Loan amount: Rs. 5 Lakh – Rs. 2 Crore 
• Loan tenor: Up to 30 years 
• Interest rates starting at 9.50%* p.a. 

Benefits 
• Tax benefits as per applicable laws 
• Flexible repayment options 
• 100% digital documentation 
• Secure and transparent process 

INSTANT PERSONAL LOANS 

Meet life’s needs, big or small, with quick and reliable personal loans. Use it for travel, medical emergencies, weddings, debt consolidation, and more. 

Key Features 
• Loan amount: Rs. 25,000 – Rs. 5 Lakh 
• Loan tenor: Up to 60 months 
• Interest rates starting at 12.99%* p.a. 
• Minimum monthly salary: Rs. 25,000 

Benefits 
• Quick disbursal 
• No co-signer or guarantor required 
• Fully digital process 
• Secure application journey 

Instant Personal Loan Example 

• Loan Amount: Rs. 1,00,000 
• Tenor: 12 months 
• Interest Rate: 14.49% p.a. 
• APR: 17.29% 
• Minimum APR: 14.49% 
• Maximum APR: 33.99% 
• Monthly interest rate: 1.2% 
• Processing fee: Rs. 1,500 (inclusive of GST) 
• EMI: Rs. 9,002 
• Total interest payable: Rs. 8,021 
• Total repayment amount: Rs. 1,09,701 

Loan terms are subject to underwriting and eligibility. 

HOW TO GET AN INSTANT LOAN? 

Download the Piramal Finance App 

Apply for your chosen loan 

Upload basic digital documents (ID and address proof) 

Select loan amount and tenor 

Share work and income details 

Update bank account information 

Receive funds in your registered bank account 

BUSINESS LOANS 

Get the financial support you need to start, manage, or grow your business with Piramal Finance Business Loans. 

Secured Business Loan: 
• Loan amount: Up to Rs. 2 Crore 
• Loan tenor: Up to 15 years 
• Interest rates starting at 11.50%* p.a. 

Unsecured Business Loan: 
• Loan amount: Up to Rs. 20 Lakh 
• Loan tenor: Up to 48 months 
• Interest rates starting at 16.49%* p.a. 

Benefits 
• No collateral for unsecured loans 
• Quick disbursal 
• Digital documentation 
• Secure process 

SMART FINANCIAL TOOLS 

Plan better and stay informed with easy-to-use tools: 
• Free credit score check 
• EMI calculator 
• Loan eligibility calculator 

These tools help you understand your finances before you make a decision. 

CONTACT US 

If you have any questions, feedback, or need assistance, we’re here to help. 

📧 Email: customercare@piramal.com 
📞 Call us at: 1800-266-6444 
💬 You can also connect with us on WhatsApp  @ +91 7799000390 

IMPORTANT INFORMATION 

Please refer to the Most Important Terms & Conditions (MITC) for loan-related details: 
https://www.piramalfinance.com/stakeholders/policies 

Terms and conditions are subject to underwriting by Piramal Finance. For complete details, visit https://www.piramalfinance.com",https://www.piramalfinance.com/privacy-policy,4.5673933,"1,000,000+",0
com.muthootfinance.imuthoot,iMuthoot Muthoot Finance Loans,Muthoot Finance Limited,"The iMuthoot app by Muthoot Finance is a trusted digital platform used by millions of users. It allows you to apply for instant loans, manage and repay gold loans, personal loans, business loans, home loans, and LAP, pay utility bills, recharge mobiles, and even shop online – all from one secure app.

Key Features
- Loans Made Simple: Apply for Gold Loan, Personal Loan, Home Loan, Property Loan (LAP), Business Loan and more in just a few steps
Highlights of Personal Loan
✔ Personal Loan Amount: ₹50,000 to ₹20 Lakh
✔ Repayment Tenure: 12 to 72 months
✔ Rate of Interest: 12.99% to 32% p.a.
✔ Processing Fees: Up to 4.13% of the loan amount (inclusive of applicable taxes)
Example: For a personal loan of ₹1,00,000 at an interest rate of 15% per annum for 12 months resulting in ₹8,310 interest amount (interest rate on a reducing balance method), with a processing fee of 4.13% (₹4,130) and other charges of ₹500, the total amount to be repaid after a year is approximately ₹1,12,940.
Note: This is an estimate; the actual interest rate, processing fees and other charges may vary depending on the product.
- Smart Loan Management: Pay interest or full amount, renew loans, avail top-ups, or use Flexi Credit to withdraw as needed and pay interest only on what you use. Track and repay EMIs for personal and business loans easily
- Exclusive Offers & Rewards: Get personalized loan offers based on your repayment history and earn redeemable rewards with every transaction
- Bill Payments & Recharges: Pay electricity, water, mobile, and other bills instantly. Even use your gold loan top-up balance for bill payments when low on cash, with timely reminders for your next due
- Shopping Made Easy: Shop conveniently with your Muthoot Finance gold loan balance
- Smart Tools: Access EMI calculators, repayment reminders, and personalized notifications to stay in control of your finances
- Simple & Secure Access: Link your bank accounts and PAN, locate nearby branches, and manage all services in one safe app

Why Choose iMuthoot?
- Repay gold loan interest/principal and EMIs for other loans instantly
- Get instant top-up on gold loans with direct credit to your bank account
- Apply for a wide range of loan products anytime, anywhere
- Pay bills, recharge mobiles, and enjoy secure digital convenience

Download iMuthoot today and experience a faster, smarter, and more rewarding way to borrow, repay, and manage your finances.",https://imuthoot.muthootfinance.com/Privacy/PrivacyPolicy.html,4.498575,"10,000,000+",0
in.hanafintech,PayRupik Instant Personal Loan,Sayyam Investments Pvt Ltd,"PayRupik is an online instant personal loan platform trusted by over 10 million users, providing quick access to credit through a simple and secure digital process.
PayRupik is a lending product of Sayyam Investments Pvt Ltd, a Non Banking Financial Company (NBFC) duly registered with the Reserve Bank of India (RBI). Through the PayRupik app, eligible users can avail personal loans of up to ₹2,50,000 through a fully digital and convenient process.
If you are looking for a reliable partner to help manage short term financial needs without complicated procedures, PayRupik is here to help.
Loan Details
Loan Amount: Up to ₹2,50,000
Loan Tenure: 91 days to 180 days
Maximum Annual Percentage Rate (APR): 35.04%

Interest and other charges are calculated based on the approved loan terms and tenure for the borrower. The final repayment amount, including interest and applicable charges, will be clearly displayed to the user before confirming the loan agreement within the app.
Why Choose PayRupik
Transparency
PayRupik offers instant digital loans with clear information about loan terms and charges.
Instant Personal Loan
Loan amounts are transferred directly to your bank account once approved. The process is fully digital and can be completed anytime.
Efficient Process
Apply for a loan through a quick and simple application flow without physical paperwork.
Security
Your data is protected and transmitted through secure HTTPS connections. Information is never shared without your consent except where required by lenders or regulations.
What Should You Do First
1.	Download and install the PayRupik App
2.	Create an account using your mobile number
3.	Upload your KYC documents, including PAN card and address proof
4.	Complete verification and submit your loan application
Eligibility
You must be an Indian national
You must be more than 20 years of age
You must have a steady monthly source of income
Representative Loan Example
Loan Amount: ₹10,000
Loan Tenure: 120 days
Processing Fee: 4%
GST on Processing Fee: 18%
Annual Percentage Rate (APR): 35.04%
Monthly Percentage Rate: 2.92%
Daily Percentage Rate: 0.096%
Interest Amount: ₹1,152 = ₹10,000 × 35.04% × (120 / 365) 
Processing Fee: ₹400 = ₹10,000 × 4%
GST on Processing Fee: ₹72 = ₹400 × 18%
Total Charges: ₹1,624 = ₹1,152 + ₹400 + ₹72
Total Repayment Amount: ₹11,624 = ₹10,000 + ₹1,624
Important Disclaimer
Loan approval, loan amount, interest charges, and tenure are subject to credit assessment and may vary based on the applicant’s profile and risk evaluation.
PayRupik does not guarantee loan approval. All loans are provided at the sole discretion of the lending partner as per applicable regulations.
Contact Us
If you have any questions, feel free to contact us:
Email: service@payrupikloan.in
Phone: 02248930118
Address:
Agyathuri, Chamajali, Amingaon Guwahati Kamrup, Assam 781031",https://app-api.payrupikloan.in/wap/agreement?name=Privacy_Policy&system=Agreements,4.4942985,"10,000,000+",1
com.baumenloan.baumenservices,Baumen Loan: Line of Credit,BAUMEN SERVICES PRIVATE LIMITED,"Get the freedom to borrow, pay, and borrow again with Baumen Loan’s Line of Credit — your go-to solution for managing everyday expenses with ease.

Loan Information:
Credit Limit: ₹3,000 to ₹80,000
Duration: 93-120 days
Interest Rate: 0.05% per day, calculated daily
Processing Fees: None – No service or hidden fees!
Max APR (Annual Percentage Rate): 18.25%

How Baumen Loan Line of Credit Works:
Instant Credit Access: Borrow up to ₹80,000 based on your eligibility. Your credit limit is ready, and you can withdraw whenever you need it.
Pay as You Go: Only pay interest on what you borrow, and you can repay early without penalties.
Restoring Your Limit: As soon as you repay part of your loan, your available credit limit is restored, and you can borrow again.

Example Calculation:
Let’s break it down with an example:
Credit Limit: ₹10,000
Daily Interest Rate: ₹10,000 × 0.05% = ₹5 per day
Total Interest for 93 Days: ₹5 × 93 = ₹465
Total Repayment (after withdrawing ₹10,000): ₹10,000 (Credit) + ₹465 (Interest) = ₹10,465

Why Baumen Loan Line of Credit Stands Out:
Flexible Borrowing: Borrow and repay as much as you need, whenever you need it, within your credit limit.
Transparent, Low Rates: 0.05% per day with no hidden fees or surprise charges.
Instant Access: Once your application is approved, your credit limit is available immediately. Draw funds at your convenience.
Dedicated Support: Our team is here to help you with any questions. Get personalized assistance when you need it.

Baumen Loan is designed to offer flexibility and convenience when life’s unexpected expenses pop up. Whether you need cash for an emergency or a big purchase, access your Line of Credit instantly. No waiting, no paperwork – just fast and easy financial freedom.",https://www.baumenservices.com/privacy-statement.html,4.3079505,"500,000+",1
com.cashfish.app,Cash Fish io,The Leads Bridge Group L.L.C,"CashFish puts your finances on autopilot

No spreadsheets
No manual entry
No switching between tools

CashFish connects your banks, payments, CRM, emails, and documents in one powerful platform and keeps everything synced automatically.

Built for individuals, students, freelancers, employees, business owners, ecommerce brands, and growing teams.

AUTOMATIC FINANCIAL INTELLIGENCE
-Auto calculation of income, expenses, profit, and net cash flow
-Real time financial dashboards
-Smart category breakdowns
-Recurring expense detection
-Duplicate charge alerts
-Cost increase alerts
-AI powered spending behavior insights

BANK AND PAYMENT CONNECTIONS
-Secure bank integrations
-Stripe, PayPal, Shopify, WooCommerce integrations

CRM integrations
-Real time sync across sources
-Connected sources visibility
-Status and last sync indicators

DOCUMENT AND CONTRACT INTELLIGENCE
-Upload invoices, receipts, contracts, purchase orders
-Drag and drop uploads
-Camera scanning with automatic data extraction
-AI powered document review
-Contract renewal detection
-Payment term identification
-Expiration alerts

CRM AND REVENUE OPERATOR
-Smart Pipeline management
-Contact and task tracking
-Revenue leak detection
-Retention intelligence
-Alerts and revenue insights

IMPORT AND SETUP MADE SIMPLE
-CSV import for contacts, customers, vendors, transactions, invoices
-Fast onboarding
-Secure authentication
-Data encrypted in transit

CashFish is designed to replace multiple tools with one intelligent system that works in the background while you focus on growth.

Whether you manage personal finances or operate a growing business, CashFish helps you gain clarity, control, and confidence.

Connect
Sync
Watch CashFish do the work",https://cashfish.io/privacy,,500+,1
com.app.flycash,Flycash,Rajkamal Recharge PVT. LTD.,"Flycash is a digital payment platform that provides retailers and users with access to a wide range of financial and utility services through a single application. With a simple and user-friendly interface, Flycash helps make everyday transactions convenient and easy to manage.

Services Available

Money Transfer
Transfer funds to supported bank accounts using available banking channels.

Mobile & DTH Recharge
Recharge prepaid mobile numbers and DTH connections across supported operators.

Bill Payments
Pay utility bills through supported billers, including:
• Electricity Bills
• Water Bills
• Gas Bills
• Broadband & Landline Bills
• FASTag Recharge
• Other BBPS-supported services

Assisted Banking Services
Eligible users can access supported banking services such as:
• Aadhaar Enabled Payment System (AePS)
• Cash Withdrawal
• Balance Enquiry
• Mini Statement

Available where supported by partner banks.

Additional Services
Depending on availability, Flycash may also offer merchant payment solutions, Credit card services, insurance services and other digital financial services.

Why Choose Flycash?

• Multiple digital services in one application
• Simple and easy-to-use interface
• Designed with security measures to help protect user transactions and data
• Convenient access to digital payment services
• Regular feature updates and performance improvements
• Suitable for retailers, merchants, and individual users

Important Information

Some services may require KYC verification and are subject to eligibility, partner availability, applicable service charges, and regulatory requirements. Transaction limits, processing times, and available services may vary depending on the selected service and participating institutions.

Download Flycash to access digital payments, recharges, bill payments, and supported banking services from one convenient application.",https://flycash.in/policy/privacy-policy,,10+,1
in.kubiz.app,"Kubiz: Loan App, Instant Cash",Kubiz Capital Private Limited,"Kubiz is a Loan App built for Salaried Indians. Get an instant loan quickly, easily and safely to your bank account and take care of all your personal emergencies and needs with a cash loan. Avail attractive interest rates, speedy approvals, and hassle-free repayments with Kubiz instant loan online app.
 
📈Why choose the Kubiz loan app?
- Quick and Easy finance for your emergency needs
- 100% Digital. No app loan paperwork required
- Safe and secure: RBI approved.
- Affordable EMIs

💳On approval, get a direct cash loan bank transfer within minutes from our lending partner RBI registered NBFC “Kubiz Capital Private Limited”. Kubiz Capital follows a dynamic risk-based pricing model with instant loan terms & rates described below.

Personal Loan fees and charges:
- Loan Amount: From ₹ 10,000 to ₹ 1,00,000
- Tenure: 3 to 4 months
- Annual Percentage Rate (APR): Up to 36%
- Interest Rate: 1.5% to 3% per month
- Processing Fee: Starting 7.5% of Loan Amount (Exclusive of GST)
- Service Fee: Starting at 6% of Loan Amount (Exclusive of GST)
- GST: 18% on Processing Fee and Service Fee

🏦Representative Example of how personal loans at Kubiz work:
Loan Amount: ₹ 10,000
Loan Tenure: 3 Months
Processing Fee@8.5%  = ₹ 1003 (inc. GST)
Service Fee@21% = ₹ 2478 (inc. GST)
Interest@9% = ₹ 600
Amount Disbursed: ₹ 8997

Repayment schedule below:
First Instalment: ₹ 4359
Second Instalment: ₹ 4359
Third Instalment: ₹ 4359
Total Repayment ₹ 14081

Eligibility:
- Must be an Indian National with a Valid Pan Card and Aadhaar Card
- Must be over the age of 18 years
- Minimum Monthly Income should be ₹ 15,000

Steps to avail a loan:
- Install the Kubiz App
- Register with your Mobile number
- Enter basic information and verify your KYC by Aadhaar OTP
- Verify Bank Account
- Upon approval: Read & provide acceptance on the charges and Sign loan agreement
- Loan disbursed

Documents required:
1. Address Proof (Aadhaar)
2. Selfie
3. PAN Card
4. Valid Bank Account

Our RBI registered Partner NBFC:
Kubiz Capital Private Limited
For queries email us at - care@kubiz.inAddress - 3rd Floor, Opus Park, Plot No. F-21, MIDC Central Rd, Seepz, Andheri East, Mumbai, Maharashtra 400093, India

Get an instant loan, cash loan and pay later with loan instant personal loan app.",https://kubiz.in/documents/privacy-policy,3.1818182,"500,000+",1
com.rupeeredee.app,RupeeRedee - Personal Loan App,Moneymitra IT Solution Private limited,"Instant Personal Loan App in India – Get Money in 10 Minutes!
RupeeRedee is your trusted instant loan app designed for salaried and self-employed individuals. Apply for an online personal loan anytime, anywhere, and get quick cash credited directly to your bank account in just 10 minutes.

Why Choose RupeeRedee:
✔ Instant Approval & Quick Disbursal – get money in minutes with 100% paperless process
✔ Flexible Loan Amounts & Tenure – from ₹2,000 to ₹2,50,000, repay in 91–720 days
✔ Transparent & Secure – no hidden charges, work only with RBI-registered NBFC partners
✔ Small Loans for Every Need – pay bills, manage emergencies, shop, travel, or pay school fees
✔ Available Across India – safe and reliable loan app for Indian users

Our Loan Offerings:
👉 Flexi Personal Loan – up to ₹2,50,000 with 3-24 month repayment options
👉 Perfect for covering emergency expenses, debt consolidation, shopping, or salary advance needs.

Loan Terms & Charges:
Loan Amount: ₹2,000 – ₹2,50,000
Tenure: 91 days – 720 days
Annual Percentage Rate (APR): 32% – 64% (Depending on loan amount, tenure, and borrower credit profile)
Interest Rate: 2.3% – 4.8% per month
Processing Fee: starting from 1.5% (incl. GST)
Service Charges: starting from 0.55% per month (incl. GST)

The representative example:
Loan Amount: ₹11,000 • Tenure: 3 months
Processing Fee: ₹165 • Service Charge: ₹182 • Interest: ₹990
Total Repayment: ₹12,337 (3 EMIs of ₹4,112 each)

Eligibility Criteria:
Indian resident with valid PAN & Aadhaar
Age 20+
Minimum monthly income ₹25,000

How to Apply for Your Instant Loan:
1️. Download the RupeeRedee App
2️. Register with your mobile number
3️. Complete KYC with Aadhaar & PAN (100% paperless)
4️. Verify your bank account
5️. Review loan charges, sign agreement
6️. Get instant cash loan disbursed directly to your account 

About Us:
Lending Partner: FincFriends Private Limited – RBI-registered NBFC.
Address: Vatika Triangle, 7th Floor, Mehrauli Gurgaon Road, Sushant Lok Phase I, Gurgaon, Haryana – 122002
Support: care@rupeeredee.com

Download RupeeRedee – India’s trusted instant personal loan app and get quick cash today!",https://rupeeredee.com/MM_PRIVACY_POLICY.html/,4.522336,"10,000,000+",1
com.kksv.salarynowloan,SN Insta Personal Advance Loan,ZED LEAFIN PRIVATE LIMITED,"SN-Insta: Personal Advance Loan 
Quick. Transparent. Reliable.
SN-Insta is your trusted Fintech partner, providing instant financial relief when life’s emergencies catch you off guard. Whether it’s a medical bill, an urgent repair, or a temporary cash crunch, we offer a fast-track process to get you the funds you need.
All loans are processed and disbursed through our RBI-Registered NBFC: Zed Leafin Pvt Ltd.
Why Choose SN-Insta?
•	Instant Processing: Documents are verified online; get your loan approved in hours.
•	100% Transparent: No hidden charges. We treat you with the honesty of a friend.
•	High Loan Limits: Borrow anywhere from ₹3,000 to ₹10,00,000.
•	Flexible Repayment: Tenures ranging from 70 days to 12 months.
________________________________________
Eligibility Criteria
To apply for a loan, you must be:
✔ An Indian Citizen
✔ A Salaried Individual
✔ Over 18 years of age
✔ Earning a minimum monthly take-home salary of ₹21,000
________________________________________
Loan Terms & Representative Example
•	Interest Rates: 36% – 182% per annum (varies by risk profile).
•	Processing Fees: ₹150 – ₹5,000 (based on loan amount).
Sample Calculation:
•	Loan Amount: ₹50,000
•	Duration: 180 Days (6 months)
•	Interest Rate: 0.4% per day (146% per annum flat)
•	Total Interest: ₹36,000
•	Processing Fee (PF) + GST: ₹5,900
•	In-Hand Amount: ₹44,100 (Loan Amount - PF)
•	Total Repayable: ₹86,000
•	Monthly EMI: ₹14,333
________________________________________
 How to Apply (4 Easy Steps)
1.	Download the SN-Insta App.
2.	Upload basic documents: Bank Statement, Salary Slip, ID Proof, and Residence Proof.
3.	Review and sign your digital Sanction Letter/Agreement.
4.	Receive money directly in your bank account.
________________________________________
 Security & Privacy
Your privacy is our top priority. We use high-level encryption to store your data securely. Information is only used for loan sanctioning and creditworthiness assessment in accordance with our strict privacy policy.
Download SN-Insta today—the right choice for quick, short-term, or long-term personal loans.",https://zedfinance.com/privacy_policy.php,4.12,"100,000+",1
com.easymone,EasyMoney,Reportechon,"We are pleased to invite you to Easy Money, an innovative application that allows you to turn your unused Internet traffic into a source of passive income.
Easy Money is a little tool that uses your Internet connection when you are not using it. Get the most out of your data plan with your mobile operator. This is even cooler than cashback! . With it, you can start earning money today. Just hit the button.

Join Easy Money and start earning stable passive income right now! Even on the run.

You chill. It drill.",https://docs.google.com/document/d/e/2PACX-1vRUsnzOmAsddKVmUblZ7pTCGejfh4hg30mua5jUGsNFPafXIU_V1rXZA7sZ9c09r2R6RT_E12WMVozx/pub,1.8888888,"50,000+",1
com.flexibee.flexibee,FlexiBee : Secure Data Loan,FLEXIFINTECH SOLUASTION PRIVATE LIMITED,"FlexiBee is an innovative digital lending platform created by FLEXIFINTECH SOLUTIONS PRIVATE LIMITED. We operate strictly as a Technology Service Provider (LSP) to facilitate access to formal credit for Indian citizens. We do not lend our own money; instead, we partner with Vaishali Securities Limited, a trusted and RBI-authorized Non-Banking Financial Company (NBFC). Our platform ensures a paperless journey, transparent terms, and a seamless interface to manage your credit needs without any hidden surprises.
💰 Key Loan Highlights
Credit Range: ₹6,000 to ₹70,000
Repayment Tenure: 91 days to 240 days
Annual Percentage Rate (APR): 20% to 24% (Based on the user's risk profile)
Transparent Pricing: No upfront hidden fees. All interest charges and repayment schedules are clearly displayed in the app before you accept the loan agreement.
 Representative Cost Example
(This is a sample calculation. Final terms depend on the partner NBFC's credit assessment.)
Approved Principal: ₹20,000
Chosen Tenure: 100 days
Interest Rate (APR): 21.9% per annum
Daily Interest Rate: 21.9% ÷ 365 = 0.06%
Total Interest Payable: ₹20,000 x 0.06% x 100 days = ₹1,200
Total Repayment Amount: ₹20,000 (Principal) + ₹1,200 (Interest) = ₹21,200
🏦 Regulatory & Partnership Disclosure
FlexiBee complies completely with the Reserve Bank of India’s (RBI) Digital Lending Guidelines. All credit decisions, loan approvals, and fund transfers are managed exclusively by our regulated lending partner:
Lending Partner: Vaishali Securities Limited (RBI-Approved NBFC)
Registered Address: D- 504, Swati Crimson Daskroi, Shilaj Thaltej Ahmedabad Gujarat 380059
Official Website: https://www.vaishalisecuritiesltd.com
Support Email: contact@vaishalisecuritiesltd.com
✨ Platform Features
Completely Digital: Apply directly from your smartphone with zero physical paperwork.
Quick Processing: Fast document verification and direct bank transfer by our NBFC partner.
Easy Tracking: Monitor your loan status, view repayment schedules, and pay directly through the app.
User Eligibility
To successfully apply, users must meet the following criteria:
Must be a citizen of India.
Minimum age of 18 years.
Must hold a valid PAN card.
Must have a steady source of income.
Must have an active Indian bank account to receive funds.
 Privacy & Data Security
Your privacy is our top priority. FlexiBee utilizes advanced encryption standards to protect your data. In compliance with RBI data localization mandates, all user data is stored on highly secure servers located physically within India. We only share necessary KYC and financial data with our partnered NBFC for underwriting purposes, and always with your explicit consent. We never sell your data to unauthorized third parties.
📞 Contact Us
We are here to help! For app-related queries or tech support:
Technology Provider: FLEXIFINTECH SOLUTIONS PRIVATE LIMITED
Customer Care Email: legal@flexifintechltd.com
Customer Care Phone: +91 9992936876
Corporate Website: https://flexifintechltd.com
Office Address: Cm Madan D-1/64, Block d-1, Aruna Park, Shakarpur, East Delhi",https://www.flexifintechltd.com/ourPact.html,4.558732,"500,000+",1
money.gocredit.ai,GoCredit Instant Personal Loan,GoCredit AI Powered Credit App,"GoCredit AI - Instant Personal Loan App & Improve CIBIL Score

Download GoCredit AI App to check your credit score, get personalised improvement tips, and apply for personal loans up to ₹5 lakhs. Our application connects you with RBI-approved banks & NBFCs offering competitive interest rates with a maximum APR of 36% and flexible repayment periods from 6 to 60 months.

Key Features of GoCredit App:

1. Credit Score Improvement with AI Guidance ● CIBIL Score check & detailed credit report ● Personalised action steps to improve your score ● Monthly credit score updates ● AI-powered credit assessment ● Step-by-step credit improvement plan

2. Instant Personal Loan (As a Loan Facilitator) ● Compare loan offers from multiple lenders ● Loan amounts from ₹5,000 to ₹5,00,000 ● Competitive interest rates ● Loan repayment periods from 6 to 60 months ● Maximum Annual Percentage Rate (APR): 36% ● Quick application process ● Instant disbursement options

3. Secure Your Financial Identity ● Alerts on suspicious credit activities ● Verification of loan closure reporting ● Identity protection suggestions ● Credit report error detection ● Direct lender communication

4. Loan EMI Calculator ● Calculate personal loan EMI instantly ● Compare different loan options ● Plan your EMI payments ● Make informed borrowing decisions

Example Personal Loan Calculation: For a loan amount of ₹1,00,000 with 12-month tenure: ● Interest Rate: 12% per annum ● Processing Fee: 2% = ₹2,000 + GST ● Monthly EMI: ₹8,884 ● Total Interest: ₹6,608 ● Total Repayment: ₹1,06,608 ● APR: 18.1%
Personal Loan Eligibility: ● Age: 21-58 years ● Minimum monthly income: ₹15,000 ● Valid PAN card & address proof ● Active bank account ● Indian resident ● First-time Credit Users welcome

Documents Required: ● PAN Card ● Address proof ● Professional details

How to Apply:

Download GoCredit loan app
Complete quick registration
Check and increase your CIBIL score
Upload required documents
Get instant loan offers
Select suitable personal loan offer
Receive instant disbursement directly from lender

Important Information: GoCredit AI is a loan facilitator/aggregator only, not a direct lender. We connect users with RBI approved Banks and NBFCs. GoCredit AI does not provide loans directly and has no control over loan approval decisions or final terms offered by lending partners. All loans are subject to lender approval and credit assessment.

We collect user data solely to match you with appropriate loan offers and will not share your data with any third party except the lenders you choose to apply with.

Customer Support: Email: support@gocredit.money Phone: +91 8792934272

Legal Information: 

Privacy Policy: https://www.gocredit.money/privacy-policy 
Terms of Service: https://www.gocredit.money/terms-of-use
Loan Terms and Conditions: ● Minimum repayment period: 6 months ● Maximum repayment period: 60 months (5 years) ● Maximum Annual Percentage Rate (APR): 36% ● Interest rates: 10.99% to 24% per annum ● All loans comply with RBI guidelines

Our Registered Lending Partners: 

 Bhanix Finance and Investment Limited. https://bhanixfinance.com/ourpartners.html

KNAB Finance Advisors Private Limited https://abhiloans.com/partners/

Frequently Asked Questions:

How does GoCredit AI improve credit scores? GoCredit AI analyzes your credit report and provides personalised recommendations based on your unique credit profile.

How can I apply for a loan through GoCredit? Simply download the app, check your credit score, review available offers, and apply for the loan that suits your needs.

Is my data secure with GoCredit? Yes, we use security protocols to protect your information. We only share your data with lenders you choose to apply with.

Note: All loans subject to credit approval. EMI calculator results are indicative. Actual terms may vary based on lender policies.",https://gocredit.money/privacy-policy,4.757396,"1,000,000+",1
com.pocket.rupee.deal,PocketRupee-Fast Loan,PHRENOLOGICAL INFO AUDIT AND APP SOLUTION PVT LTD,"PocketRupee is an online instant personal loan platform dedicated to providing users with convenient, transparent, and secure credit services. Through a fully digital process, users can complete their loan application and obtain credit support in a short time. The application process is simple and efficient, with no paperwork required. 
All steps, from application to loan agreement confirmation, can be completed directly on your mobile phone. PocketRupee offers flexible loan amounts ranging from INR 3,000 to INR 120,000, supporting a variety of financial needs such as travel, shopping, medical emergencies, and business cash flow requirements.
 
Why Choose PocketRupee?
1. Convenient and Efficient:A fully digital application process that saves time and effort.
2. Safe and Secure:User data is protected with secure encryption and handled in accordance with applicable data protection standards.
3. User-Friendly Experience:A simple and easy-to-use interface designed for a smooth borrowing experience.
 
PocketRupee User Guide
To ensure compliance and fund security, applicants must meet the following basic requirements:
1. Must be an Indian resident aged 18 years or above
2. Must have a valid mobile number and bank account
3. Must provide valid KYC documents (such as PAN, Aadhaar, etc.)
4. Must meet internal credit assessment criteria
 
Loan Products
Loan Amount: INR 3,000 – INR 120,000
Loan Tenure: 91 days – 180 days
Maximum Annual Percentage Rate (APR): 24%
Processing Fee: Based on the loan amount and tenure
Goods and Services Tax (GST): 18% GST is applicable on the processing fee as per Indian laws and policies.
 
Calculation Example
Loan Amount: INR 10,000Loan Tenure: 120 daysAnnual Interest Rate: 18%
Total Interest Payable:10,000 × 18% × 120 ÷ 365 = INR 592
Processing Fee (1%):10,000 × 1% = INR 100
GST on Processing Fee:100 × 18% = INR 18
Disbursed amount:10,000 - 100 - 18 = INR 9,882
Total Repayment Amount:10,000 + 592 = INR 10,592
Estimated Monthly Payment(average) = INR 2,648APR: (592 + 100 + 18) ÷ 9,882 ÷ 120 × 365 ≈ 21.9%
 
Note: The above example is for illustrative purposes only. Actual loan terms, interest rates, fees, and repayment amounts may vary based on user eligibility, credit assessment, and platform policies.
 
Lending Partners Information
PocketRupee is a digital lending platform operated by PHRENOLOGICAL INFO AUDIT AND APP SOLUTION PRIVATE LIMITED, acting as a Lending Service Provider (LSP).
Loan products available on this platform are provided by the following regulated financial institution:
 
Allen's Housing & Finance Limited
A Non-Banking Financial Company (NBFC) registered with the Reserve Bank of India (RBI)
RBI Reg. No.: B.05.06399
Official website: https://allenhf.in/tel.html
 
How to Use
1. Download and install the PocketRupee App.
2. Register and create an account using your mobile number.
3. Submit the required KYC information (such as identity proof, address proof, PAN card, etc.).
4. After submission, the system will review your application, and the result will be displayed in the app.=
5. Once approved and the loan agreement is confirmed, the loan amount will be disbursed directly to your bank account.
 
Contact Us
If you have any questions, please contact our professional customer support team. We are happy to assist you.
 
Email:support@phrenological.com
Customer Support Hours: Monday to Friday, 9:30 AM–6:30 PM
Address:Shop No.270, Sahara Shopping Centre, Lekhraj Market, Faizabad Road , LUCKNOW, Uttar Pradesh, India - 226016.",https://pocketrupee.in/privacy-policy.html,4.5903616,"50,000+",1
com.ctl.cashontap,CashOnTap : Instant Cash,Ontap Technologies,"CashOnTap: Instant Cash

Instant Easy Access to Funds, Cash on Demand, Anytime, Anywhere

Are you a Business Owner in need of quick and flexible credit? CashOnTap is here to help! With our instant credit line, you can withdraw funds as needed and pay it back by the 5th of the following month. Once repaid, your credit limit is instantly reinstated for more flexibility in your business.

🎁 What We Offer:
📲Digital Credit Line
✅Credit Line amount: Rs. 5,000 upwards
✅Tenure: 1 month
✅Interest: Free, no interest charged
✅Convenience Fee: 1.5% upwards on every withdrawal (based on risk profile)
✅One-time Setup Fee: ₹300 (payable on first withdrawal)
✅Repayment Terms: Month's outstanding to be paid by the 5th of the next month
✅ Auto-Debit (NACH): Processed on the 5th

📲Extendable Digital Credit Line (Digital Business Loan)
✅Amount: Up to Rs. 2,00,000
✅Tenure: 2 - 36 months
✅Interest: 18% upwards PA (based on risk profile)
✅Repayment Terms: Equated Monthly Installment
✅ Repayment: Pay by the 2nd of next month
✅ Auto-Debit (NACH): Processed on the 5th

Example of How CashOnTap Charges:
Let’s say you borrow ₹10,000 for a month, then your:
Convenience Fee (3%): ₹300
Total Repayment Amount: ₹10,300
APR: 36% (calculated based on the convenience fee)
Repayment Due on: 5th of the following month through NACH
Total Cost of Loan: ₹10,300 (no additional charges on early repayment)

👉Features:
✅Instant Bank Transfers: Withdraw funds to your account instantly
✅Pay Contacts Instantly: Send money to any contact with ease
✅Mobile Number Payments: Transfer money to any mobile number
✅UPI Transfers: Pay directly to any UPI ID
✅QR Code Payments: Scan and transfer instantly to third-party QR codes
✅Real-Time Updates: Instant transactions with immediate updates
✅Flexible Repayment: Repay anytime; limit instantly restored

🔞CashOnTap Eligibility Criteria:
✔ Age: 18-65 years
✔ Minimum Monthly Income Requirement: ₹25,000

📝Applying for credit is quick and easy with CashOnTap:
📲Download the CashOnTap app.
✅Enter Mobile number
✅Enter PAN number
✅Aadhaar number
✅Business ownership proof

🔒 Secure & Fraud-Free Payments with CashOnTap 🛡️
🚫 Avoid the risk of digital fraud
🏦 No bank account linking for transactions
➡️ Money flows directly from your CashOnTap credit line to any UPI ID or QR code
🙅‍♂️ No exposure of your bank details
🔗 No linking to outside apps
🧘 No stress about bank fraud
✅ Stay Secure. Stay Smart.
Use CashOnTap for every payment.

🪙 CashOnTap Charges:
💳 Convenience Fee: 1.5% upwards on every withdrawal for monthly limit
💳 Interest 18% upwards (based on risk profile) on limits over 1 month
💰 Setup Fee: ₹300 (only on the first withdrawal)
⚠ Late Payment Fee: 10% of month outstanding amount not paid by the 5th of the next month

At CashOnTap, we believe in full transparency. All fees and charges are clearly communicated to you during the loan application process, and the loan details are available 24/7 in the app.

👉Lending Partner:
CashOnTap is powered by Capital Trust Limited, a trusted and RBI-registered NBFC, ensuring responsible lending practices.

👉How to Contact CashOnTap:
For any queries, please contact:
📞 Helpline: Available directly in the CashOnTap app
📲  EmergencyCall: Tarsem Singh, +91 8146592004

We’re here to help you grow your business with flexible and instant access to credit.",https://salarytap.in/salarytap/privacy-policy,4.2774568,"10,000+",1
com.loansure.app,LOANSURE,LOANSURE,"Loansure is designed specifically for insurance agents and loan service providers, helping them manage and track their loan and insurance files effortlessly. Our application is intended for insurance agents and loan service providers to manage and view existing insurance and loan file. We do not collect any personal information from the users of the app. There is no user registration or data submission feature in the app. Only agents or dealers with existing login credentials can access the app.There is no option for adding or editing files, nor is there a feature to create accounts directly within the app. By logging in with their existing credentials, agents can easily access the information they need without the hassle of dealing with unnecessary data entry or processing. We do not process any form of personal or sensitive data. The app functions solely as a tool for viewing insurance and loan file and does not allow the addition or modification of such files. This makes loansure the perfect solution for agents looking for a reliable and streamlined way to stay on top of their loan and insurance services.",https://www.loansure.co/privacy-policy/,,"1,000+",1
com.goodkredit.myapplication.paydaytoday,Payday Today,GoodApps Inc.,"OUR SERVICE
Payday Today app enables you to:

1. Get access to your accrued earn wage or any available funds set by your employer.
2. Easily request or withdraw your earned salary or any available funds.
3. Transfer amount requested to any banks via Instapay or e-wallets.
4. Can request voucher and use it for in-app transactions.
5. Transfer voucher to any banks via Instapay or e-wallets.

OUR SUBSCRIBERS
Are people who want to:

Easily access and withdraw their available funds and transfer to any banks or e-wallets.
Send vouchers to loved ones who need them
Directly access their transactions history
Easily access other available in-app services",https://www.goodkredit.com/#/privacy,2.835294,"100,000+",1
com.sspmvasai.bank,Smartrupee By SSPM,SMARTRUPPY BY SSPM,"Smartrupee By SSPM Mobile Banking App gives you a simple and secure way to manage your accounts anytime, anywhere.
You can check your account balance, view detailed or mini statements,
transfer funds, and access deposit and loan information directly from your phone.
The app features a user-friendly interface and robust security measures to ensure a safe and convenient banking experience for all Smartrupee By SSPM customers.",https://sspmonline.com/privacy.html,,10+,1
com.nayarupee,NayaRupee: Spin & Earn Rewards,PYNIX,"NayaRupee is your all-in-one rewards app where you can earn coins by completing tasks, spinning the daily wheel, and inviting your friends. Whether you're exploring new content or sharing the app with others, there are multiple ways to earn — all in one simple, user-friendly platform.

💼 Ways to Earn:
📝 Task and Earn
Browse and complete easy tasks. Each task adds coins to your balance.

🎡 Spin and Earn
Use the daily spin wheel to try your luck and collect bonus coins. You never know what you’ll win!

👫 Refer and Earn
Invite your friends to join NayaRupee. When they sign up and engage with tasks, you both earn coins as a reward.

🌟 App Highlights:
🔹 Clean, intuitive interface
🔹 Track your progress and coin history
🔹 Fresh new offers added regularly
🔹 Lightweight and fast performance

💳 Redeem Coins the Easy Way
Once you've collected enough coins, you can redeem them directly through UPI. Choose the redemption method that suits you best from our listed options. It's fast, flexible, and designed to fit your preferences.

📲 Get Started in Seconds:
- Install the app
- Sign up and get bonus coins
- Start completing tasks or spinning
- Refer friends to grow your rewards
- Enjoy your experience and climb the leaderboard!

NayaRupee is a fun, secure, and engaging platform where your time and participation are rewarded.  Just real tasks, real rewards, and real fun.",https://app.nayarupee.in/Privacy-Policy.html,4.1093526,"100,000+",1
com.paisapayone.paisapayone,Paisa Pay One,Beta Source Software Pvt. Ltd.,"Paisa Pay One- Everything is here

About this app
Paisa Pay One is a comprehensive platform designed to streamline financial services, making it easier for users to handle various transactions efficiently. With a user-friendly interface and a wide range of services, Paisa Pay One brings convenience and security to your fingertips. Here's a breakdown of the services it provides:


📱 Recharge:

With Paisa Pay One, recharging your mobile, DTH, and data cards becomes a breeze. Whether you need a prepaid or postpaid recharge, simply enter the details, and your balance is updated instantly. Paisa Pay One supports a variety of mobile networks and DTH services, so you can stay connected without worrying about running out of talk time, data, or entertainment services.

💡 Bill Payment:

Paisa Pay One makes it easy to pay your utility bills on time. You can pay electricity, water, gas, and other service bills directly through the app. The platform allows you to track your bill history and manage multiple payments in one place, ensuring you never miss a due date again.


🔒 Secure and Convenient:

Security is a top priority with Paisa Pay One. The platform uses the latest encryption technology to ensure your personal and financial information is always safe. Whether you’re performing a simple recharge or managing complex financial transactions, Paisa Pay Oneensures your data is protected at all times.

🌟 Customer Support:

Paisa Pay One provides excellent customer support, offering assistance whenever you need it. The app is designed with user satisfaction in mind, ensuring a smooth experience whether you’re using it for personal or business purposes.

Why Choose Paisa Pay One?

All-in-One Solution: Paisa Pay One brings together multiple services under one roof, eliminating the need for separate apps.

Quick & Easy Transactions: Perform transactions effortlessly with just a few taps.

Secure and Safe: Your data and money are always secure with Paisa Pay One’s advanced encryption and security protocols.

Comprehensive Services: From financial transactions to bill payments, account management, and cash deposit services, Paisa Pay One covers all your needs.

Download Paisa Pay One today and enjoy a world of convenience, security, and seamless financial Services.",https://paisapayone.in/privacy.aspx,,100+,1
rushfunds.cash.advance.payday.personal.loan,RushFunds - Cash Advance & Pay,HostPedia Services,"Looking for a simple way to learn more about payday, cash advance, and loan options available? The RushFunds app helps you explore various short-term financial solutions, all in one easy-to-navigate platform.

We do not offer loans or act as a direct lender. Instead, RushFunds helps you stay informed by connecting you to a network of relevant information and educational tools, so you can understand your options before making financial decisions.

Whether you're facing unexpected expenses, short on cash before payday, or just researching your options, our app is designed to help you understand how payday advance and cash advance options work—without making any guarantees or false promises.

🔍 What You Can Explore:
Info about payday loans and how they work

Understand the difference between personal loans and cash advances

Learn about instant cash advance options

Get tips for managing your finances post-loan

Understand APR ranges and how repayment terms might work

Our platform offers:

Simple explanations of payday and cash advance instant options

Financial planning tips and budgeting guides

Awareness around responsible borrowing

Frequently asked questions from real users

Easy-to-read blog posts for everyday money management

📌 Disclaimer:
RushFunds is not a lender. We do not make credit decisions, issue loans, or charge users any fees. 

🧠 Want to Know More?
We also provide educational resources covering:

How to improve your credit score

What to do if you have bad credit

How to budget after receiving a payday cash advance

What to consider before applying for any loan

Red flags to avoid when exploring online loan offers

🔐 Safe, Private & Compliant
We value your trust. While our platform may collect basic information to tailor your experience, we do not collect sensitive financial data and never store or share your personal information without consent. Any data you provide during your session may be shared only to help you explore available options through third-party providers.

⚡️ Common Scenarios Where RushFunds Can Help:
Exploring payday advance options before payday

Learning how cash advance instant services may work in emergencies

Comparing payday loans versus personal loans

Understanding borrowing with bad credit

Getting better clarity about short-term vs. long-term borrowing strategies

💡 APR Transparency:
RushFunds itself does not issue loans or offer any lending services. If you proceed to a third-party lender through external resources, they will provide their own terms including:

APR (Annual Percentage Rate): Can range from 5.99% to 35.99% or more, depending on credit history and the lender's terms.

Loan Duration: Usually from 2 weeks to 60 months, depending on the loan type and provider.

Example: A $500 cash advance with a 14-day term and a 15% fee results in a $575 repayment (390% APR). Actual terms vary by lender and location (this was just a vague example).

If you're trying to understand cash advance instant solutions, exploring payday loans in your area, or just seeking smarter ways to handle emergencies, RushFunds is here to provide helpful guidance—without pressure, without commitment.",https://rushfunds.org/privacy-policy-2/,4.2,"10,000+",1
com.anytimerupee,Anytime Rupee,PI CREDIT SERVICES PRIVATE LIMITED,"At Anytime Rupee, we believe that access to financial assistance should be quick, simple, and inclusive.
As a tech-driven digital lending platform, we are dedicated to serving the underserved and unbanked
segments of society by offering hassle-free, unsecured personal loans ranging from ₹2,000 to ₹30,000.
Our Mission
Our mission is to empower individuals who face difficulties in securing credit from traditional financial
institutions. Whether it’s for an urgent medical expense, a sudden bill, or an essential purchase, Anytime
Rupee ensures that fast, flexible, and reliable financial solutions are just a few taps away.
Who We Serve
We cater to individuals who may not have access to traditional banking facilities, including:
✔ Salaried and gig workers needing short-term financial assistance
✔ Homemakers looking for immediate funds
Blue-Collar & Daily Wage Earners – Workers in sectors like logistics, delivery, retail, or labour-
intensive industries who need short-term financial support without complex documentation.
✔ Individuals Facing Temporary Cash Crunches – Life is unpredictable, and sometimes unexpected
expenses arise—medical emergencies, urgent travel, home repairs, school fees, or sudden bills.
Self-Employed Without a Fixed Income – Those without monthly pay slips but with consistent
earnings through their work.
Age Criteria- 21 & above
Why Choose Anytime Rupee?
Instant Loan Approvals: Get funds in minutes with a fully digital process
100% Digital Process – No paperwork! Apply, verify, and get funds directly into your bank account.
No Collateral Required – We offer completely unsecured loans, eliminating the need for security.
Minimal Documentation: Apply with just your PAN, Aadhaar, and basic details
Flexible Repayment Options: Choose a plan that fits your needs
Secure & Private: Your data is protected with bank-grade encryption
Instant Personal Loans up to ₹25000*
→ RBI registered lenders
→ 100% digital loan application journey
→ No collateral or paperwork
→ Tenure: 90 days to 365 days
→ Flexi EMIs & interest starting at 3.3% per month
→ APR range –191% to 242%
Example (hypothetical scenario)
• Loan amount: ₹10,000
• Processing fee (20% of loan amount including 18% GST) : ₹2000
• Total Loan amount: ₹10000
• Interest: 3.3% per month
• Tenure: 3 months
• Your EMI: ₹ 3557.98
• Total Amount to be paid: ₹ 3557.98*3 = ₹ 10673.95
• Total interest paid: ₹ 10673.95- ₹ 10000 = ₹ 673.95
• Total cost of loan: ₹ 673.95 + ₹ 2000 = ₹ 2673.95
• APR (Annual Percentage Rate): 191.16%
Lending Partner Details (Loans facilitated from RBI Registered NBFC)
Finagle Financial Services Private Limited
How It Works
1. Download & Register – Sign up on the Anytime Rupee app
2. Apply for a Loan – Choose your loan amount and tenure
3. Submit KYC- Enter PAN & Aadhaar Number
4. Instant Approval – AI-powered verification for quick decisions
5. Receive Funds – Get money directly in your bank account
6. Repay Easily – Use UPI, debit card, or net banking
Contact Information (Corporate Address)
1st Floor, AKAYA ONE, Plot No. 97, Prem Puri, Sector- 32, Gurugram, Haryana- 122002
Additional Information
-A fully online and secure process
-Highly secured and encrypted system for customer data.
-Note: Terms and Conditions Apply!",https://anytimerupee.com/privacy-policy/,4.445465,"1,000,000+",1
com.rupeproapp,RUPEPRO,TEAMTECH SUPPORT,"RUPEPRO is a company specializes in Mobile, Data Card and Dth recharge technologies. RUPEPRO is India's first 24/7 recharge platform that provides recharge facilities of all the telecom service providers, Data Card and Dth operators through the Internet and Mobile channels. It is amongst the Top three privately owned, operator independent, neutral recharge website servicing more than a thousand plus registered mobile customers.

Mobile & DTH recharge
● Find latest prepaid recharge plans & best offers on Jio recharge, Airtel recharge, Vodafone Idea (Vi) recharge, BSNL recharge etc. Also recharge data cards.
● Recharge your DTH connections - Tata Play, Sun Direct, Airtel DTH, Dish TV, Videocon d2h & get cashback offers.

Utilities Bill Payments - Electricity, Water, Gas, Broadband, Landline
● Make electricity bill payments across 60+ providers including - BESCOM, PSPCL, BSES, MSEB, UPPCL, TSSPDCL etc.

● Make water bill payment, Gas bill payment, Credit card bill payment & Landline bill payment (Airtel, BSNL, MTNL, Reliance), Broadband, insurance premiums, Loan, Fee payment, Municipal etc.",https://www.rupepro.com/privacy-policy,4.53,"10,000+",1
rapidrupee.app,RapidRupee - Personal Loan App,AFG Business Solutions (India) Private Limited,"Our app facilitates money lending by registered Non-Banking Financial Companies (NBFCs): our Group NBFC – Bee Pee Jay Finance Limited, and our partner – Yuvaraj Finance Private Limited. We are committed to responsible lending practices and are proud members of FACE (Fintech Association for Consumer Empowerment) and DLAI (Digital Lenders Association of India).

-           Instant personal loans from ₹ 500 to ₹ 20,000 (PAN India)
-           Terms from 61 to 365 days
-           Maximum APR, which includes interest rate plus fees: 99.1%
-           Fast decision 24/7
-           Interest rate from 12% to 36% per annum (1-3% per month)
-           Processing fee starts at just ₹ 99
-           No membership or upfront fees, the loan amount is paid out in full

RapidRupee is a personal loan app that offers instant loans online. Apply for an instant loan and receive a direct cash transfer to your bank account (upon approval).
Get the cash you need without complex procedures or paperwork!

Types of instant loans we provide:

✓ Personal loans for salaried professionals: who can receive advance salary loans to cover small but urgent needs and have money transferred straight into their bank account 

✓ Small personal loans: get quick personal loans online

✓ Cash loan: our cash loans can help you cover everything from monthly grocery bills to children’s school fees and even outstanding bills that need to be cleared

✓ Loans for self-employed: we accept both self-employed professionals & salaried applicants.

→ Eligibility criteria:

To get an instant loan from RapidRupee, you need to be: 
o An Indian Citizen
o Aged over 18 
o Salaried/self-employed with a minimum income requirement
o with no negative information in the Credit Bureau

→ Documents required to avail an instant loan:

o Aadhaar
o PAN
o Selfie

→ Representative cost of a RapidRupee instant personal loan, including all applicable fees:

If the loan amount is ₹4,000 (principal) and the period for repayment is 62 days (two installments in 31 days each), interest is 12% p.a. with fees of ₹440 (including GST), then the total cost of the loan is ₹61 (interest calculation) + ₹440 = ₹501 and the total amount payable ₹4,501 with monthly payments of ₹2,261 and ₹2,240.

Why RapidRupee? Here are some of the features of our instant loan app:

-           Fast journey from loan application to decision
-           Online loan app in India with 24/7 availability
-           Only Aadhaar, PAN card, and selfie required
-           PAN India presence

→ How do I use RapidRupee instant personal loan?

1. Download the instant loan online app and install it.
2. Fill in the simple form.
3. Upload documents.
4. Wait for the loan decision (we do not guarantee a positive decision for all applications) 
5. Receive money in your bank account (upon approval/positive loan decision).

→ What can I do with a RapidRupee personal loan? You can use our quick loans for any purpose you like!

✓ Monthly groceries: cover your grocery bills with our salary advance loans

✓ Rent: Our finance solutions double up as salary advance loans, helping you deal with rent even if your next pay cheque is still some way off

✓ Paying bills: If you have mounting bills and are facing an end-of-month cash crunch, cover your outstanding bills with just a few taps - get an advance salary loan from RapidRupee

→ Our instant loans are safe:

Your data is safe with us. It is transferred over a secure HTTPS connection, and we do not share it with anyone without your consent. All transactions are secured using 128-bit SSL encryption.

→ Contact us:

For help or any other details about our instant personal loans, please refer to the developer contact section.",https://www.rapidrupee.in/privacy-policy/,4.409338,"1,000,000+",1
kredit.rupee,Kredit Rupee Personal Loan App,Kredit Rupee,"Kredit Rupee is a loan aggregator platform and marketplace (personal loan app) that connects students, self-employed, salaried, and business owners with RBI-registered NBFCs to apply for flexible personal and business loans. The Kredit Rupee personal loan app makes it easier for every credit seeker to secure the best financial services through verified & trusted lenders with a 100% seamless online application, minimal documentation, no hidden charges, low interest rates, and quick approval.

The Kredit Rupee Personal Loan App offers a wide range of hassle-free personal loan options to meet your every need. You can get a personal loan for medical emergencies, buy a pre-owned vehicle, or fund your higher education easily. Give your home a new look with a home renovation personal loan or explore the world with a travel personal loan. Plan your dream wedding or enjoy shopping freely with flexible and quick personal loan approvals. Whatever your goal, the Kredit Rupee Personal Loan App makes it simple, fast, and reliable.

➤ Reasons to Download the Kredit Rupee Personal Loan App:

• 100% Digital Process: A seamless online application with the best financial services
• User-friendly: An easy-to-use personal loan app interface
• Personal Loan App Matchmaker: A personal loan app that connects you with verified lenders as per your needs
• Quick Application: 3-step process to get the best personal loan offer
• Trusted Loan Platform: Get the best personal loan offers from RBI-registered NBFCs
• Pre-qualified Loan Offers: Browse the best pre-qualified personal loan offers
• Quick Approval: Fast loan approval for instant needs
• Low Interest Rates: Secure a low-interest rate loan from verified lenders
• Loan Tenure: 3-60 months
• Flexible EMI: Instant loan access to easy EMI options 
• Quick Loan Disbursal: Say goodbye to loan delays
• Collateral-free loan: No pledging of assets required

➤ Repayment Timelines, APR and Transparent Processing Fees & GST:

• Interest rates start from 1% to 3% per month, corresponding to a maximum APR of 12% to 36%*
• The repayment tenure ranges from 3-60 months
• Processing fees will be charged separately as applicable by the lending partner

➤ Key Documents for Business or Personal Loans:

• Identify Proof: Aadhar card, PAN card, Driver’s license, Passport, or Voter ID 
• Address Proof: Aadhar card, Utility bills, Voter ID card, or Passport
• Income Proof: Bank statements or Salary slips (for salaried)

➤ Loan Eligibility:

• Age limit: 18-55 years
• Eligible: Salaried, self-employed & students
• Loan Applicants: Indian Nationality

➤ How to Apply for a Personal Loan:

• Download the Kredit Rupee Personal Loan app
• Enter your personal details
• Verify your phone number
• Provide your financial information
• Enter your PAN Card number
• Submit your online personal loan request

➤ Personal Loan Example:

Loan amount: ₹2,00,000
Interest rate: 12% minimum
Repayment tenure: 1 year
Processing fee of 2%: ₹4,000 + GST = ₹4,720
Loan EMI: ₹17,853.28 
The total interest: ₹14,239.36 
Loan repayment amount after 1 year: ₹2,14,239.36
The maximum Annual Percentage Rate (APR) can go up to 36%*

*Note: These figures are for explanatory purposes only. The final interest rate and APR are subject to the customer’s credit evaluation, as determined by Kredit Rupee’s lending partner(s).

➤ Our RBI-registered NBFC Partners:

• Arham Finance & Investment Services Limited- https://arhamfinance.com/sourcing-partner.html -
 (CIN - U74899DL1992PLC050484)

Contact Us:
For any queries, reach out to us at contact@kreditrupee.com",https://www.kreditrupee.com/privacy-policy,4.467512,"1,000,000+",1
com.bc.bestcash,Swift Cash - Credit Loans,OSPREY FINVEST PRIVATE LIMITED,"Swift Cash provides high-value instant personal credit lines to the working class in India. Swift Cash is a loan service provided by OSPREY FINVEST PRIVATE LIMITED. OSPREY FINVEST PRIVATE LIMITED is a non-banking financial company registered with the Reserve Bank of India (RBI) with NBFC authorization number B-08.16532.

Why choose Swift Cash? We are the only financial institution committed to providing loans at the right time, at the right cost and in the right amount!
• Customized loans, ranging from Rs 5,000 to Rs 55,000
• Flexible repayment terms, 91 to 360 days
• Annual Percentage Rate (APR) up to 24%
Loan Example:
If you choose a 180-day loan for Rs 20,000, the charges would be as follows:
Interest: Rs 20,000 *24%/365* 180 days = Rs 2,367
Total repayment charges: Rs 20,000 + Rs 2,367 = Rs 22,367

Documents required to apply for a flexible personal loan
• Identity proof
• PAN card
• Address proof
• Internet banking verification to confirm your income

How to apply for a personal loan online with instant approval
1. Download our app
2. Create an account
3. Submit the required documents
Once your salary advance loan is approved, you can quickly transfer the funds to your bank account.

Loans to help you achieve your most important goals in life: Our tailor-made loans are designed to support your most important goals, such as:
• Funding for solar installations for MSMEs and residential needs.
• Funding your children’s education, including tuition fees, coaching classes and online courses.
• Vocational courses to support your dream career and help you achieve professional success.

Download the Swift Cash app now and achieve your dreams with confidence and ease!

Company: OSPREY FINVEST PRIVATE LIMITED
Contact us at: www.osprey-finvest-pl.cc
Address: Room No 7A, 1st Floor, Martin Burn House, 1 R. N. Mukherjee Road Dalhousie Kolkata, West Bengal, 700001 India",http://privacy-policy.osprey-finvest-pl.cc,2.047619,"10,000+",1
com.zapcash.loan,ZapCash - Quick Loans,Omnistack innovation,"💰 ZapCash – Instant Personal Loan up to ₹1,00,000

Enjoy quick personal loans at  Low interest rates with a hassle-free 100% digital process.

Get the approved loan amount directly in your bank account — fast, secure, and completely online.

Whether you need funds for medical emergencies, travel, education, or personal expenses, ZapCash makes borrowing simple and transparent.

🏛️ Regulatory & Lending Information
ZapCash is a digital loan facilitation platform that partners with RBI-registered Non-Banking Financial Companies (NBFCs), is Weekline Investment and Trading Company Ltd  [RBI Registration No. : 14.01001]
, to provide personal loans to eligible customers.
Loans are provided in accordance with the guidelines issued by the Reserve Bank of India under the Digital Lending Guidelines.
🔐 Safe & Responsible Lending


🚀 Why Choose ZapCash?

✔️ Instant personal loan up to ₹1,00,000
🏦 Direct bank account disbursal
📄 100% paperless & digital process
🔎 Transparent charges – No hidden fees
👉 Apply instantly with a few simple steps
🔐 Secure & encrypted platform
✅ Instant decision with minimal documentation

Eligibility:

👤 Age: Minimum 18 years
💼 Employment Type: Salaried or Self-Employed
💰 Minimum Monthly Income: ₹18,000 or above
📱 Mobile Number: Aadhaar-linked mobile number for verification
🇮🇳 Citizenship: Indian resident with valid KYC documents

📊 Loan Details
✅ Loan Amount: ₹5,000 – ₹1,00,000 (sanctioned by
Weekline Investment and Trading Company Ltd RBI Registered NBFC)
✅ Interest Rates: 12% – 30% per annum
✅ Loan Tenure: 6– 60 months
✅ Processing Fee: Up to 5.1% of the principal amount + GST
✅ Quick & Direct Transfer: Funds disbursed by our NBFC partner directly to your bank account
✅ No Collateral Required: Get a loan without pledging any security
✅ Foreclosure & Part-Prepayment Available
✅ Maximum APR – 32.15%
⏰ Late Payment Charges: As per loan agreement
Interest rates and loan terms may vary based on credit profile, eligibility, and risk assessment.

💡 Loan sanctioned by Weekline Investment and Trading Company Ltd : ₹1,50,000 for 3 years 
💰 Processing Fee: ₹6,195 (3.5% + GST + ₹500 Stamp Duty) 
📉 Interest Rate: 22% p.a. (on reducing principal balance)
 💳 EMI: ₹5,730 per month 
📊 Total Payable: ₹2,06,280 
📌 Total Interest Paid: ₹56,280 
📈 Annual Percentage Rate (APR): 25.14%

Fees & Charges (as applied by NBFC partner)

⚠ EMI Bounce Charge (1st Day): 4% of Principal Overdue* or ₹500 (whichever is lower)
📌 Penal Charges (2-180 Days): 36% p.a. on Principal Overdue (+ GST if applicable)
🔹 *Rounded to the nearest rupee


📲 How to Apply on ZapCash App?

1️⃣ Download the ZapCash App
2️⃣ Sign up with your mobile number
3️⃣ Verify PAN & basic details
4️⃣ Complete 100% digital KYC
5️⃣ Select loan amount & tenure
6️⃣ Review & accept loan agreement
7️⃣ Receive funds directly in your bank account



📞 Customer Support
📧 Email: care@zapcash.in
📱 Phone: 8503090309

👤 Grievance Contact
        Email ID :  grievance@zapcash.in
         📱 Phone: 7665466546
Privacy Policy:  https://www.zapcash.in/privacy-policy",https://www.zapcash.in/privacy-policy,3.7755103,"100,000+",1
com.quickpaisa.loanapp,QuickPaisa,QuickPaisa Fintech  Private Limited,"QuickPaisa is a trusted digital loan facilitation platform that helps users apply for:

• Home Loans
• Business Loans
• Loan Against Property (LAP)
• Secured Personal Loans through RBI-registered lending partners

Important Note:
QuickPaisa does not provide loans directly. We only assist users in applying for loans through RBI-authorized  NBFC partners.

Our Verified Lending Partner:
- USB Financial Corporation Ltd
  (RBI-registered NBFC)
  https://usbfin.com

https://usbfin.com/dsa-partner/

How QuickPaisa Works:
• 100% digital loan application process
• Connects users with verified lending partners
• End-to-end assistance from application to disbursement
• Secure and compliant loan facilitation platform

Key Loan Information:
• Loan Amount Range: ₹10,00,000 to ₹15,00,00,000
• Repayment Tenure: 12 to 360 months
• Annual Percentage Rate (APR): 8% to 24% per annum
• Processing Fee: 0% to 2% of the loan amount

Representative Example:
Loan Amount: ₹10,00,000
Repayment Tenure: 120 months
APR: 12% per annum
Estimated Interest Amount: ₹7,72,000
Processing Fee: ₹10,000
Total Repayment Amount: ₹17,82,000

Please Note:
• Loan approval is subject to lender eligibility and verification
• Interest rates and repayment terms are determined solely by the lending partner
• QuickPaisa does not influence loan approval decisions
• QuickPaisa does not disburse loans or hold user funds

Privacy & Data Usage:
We collect only essential information required for loan facilitation and lender matching. User information is processed securely according to our Privacy Policy.

Support: [support@quickpaisa.in](mailto:support@quickpaisa.in)
Website: https://quickpaisa.in",https://www.quickpaisa.in/privacypolicy,3.4929578,"10,000+",1
